pklt_nm,pklt_knd_nm,lat,lot,addr,자치구,평일운영시간,주말운영시간,운영시간,ev_충전소_500m,ev_등록대수
15-가600구간,노상 주차장,37.54841,127.15158,강동구 명일동 583-0,강동구,24.0,24.0,24.0,62,5653
21-37,노외 주차장,37.5122807,127.0855986,송파구 잠실동 348-0,송파구,24.0,24.0,24.0,208,7851
BYC,노상 주차장,37.4753253,126.8863954,금천구 가산동 371-57,금천구,11.0,24.0,14.714285714285714,416,2257
KBS별관뒤 노상주차장,노상 주차장,37.5267088,126.9238,영등포구 여의도동 4-5,영등포구,10.0,6.0,8.857142857142858,262,4323
KBS별관옆 노상주차장,노상 주차장,37.5267088,126.9238,영등포구 여의도동 4-4,영등포구,10.0,6.0,8.857142857142858,262,4323
KBS본관 앞 노상주차장,노상 주차장,37.5267088,126.9238,영등포구 여의도동 1-7,영등포구,10.0,6.0,8.857142857142858,262,4323
KBS본관뒤,노상 주차장,37.5267088,126.9238,영등포구 여의도동 1-9,영등포구,10.0,6.0,8.857142857142858,262,4323
LG텔레콤,노상 주차장,37.4753253,126.8863954,금천구 가산동 60-36,금천구,11.0,8.0,10.142857142857142,416,2257
MBC방송국뒤 노상주차장,노상 주차장,37.5267088,126.9238,영등포구 여의도동 3-1,영등포구,10.0,6.0,8.857142857142858,262,4323
SJ테크노빌,노상 주차장,37.4753253,126.8863954,금천구 가산동 60-19,금천구,11.0,8.0,10.142857142857142,416,2257
舊MBC뒤,노상 주차장,37.5267088,126.9238,영등포구 여의도동 3-0,영등포구,10.0,6.0,8.857142857142858,262,4323
가든예식장 앞 노상주차장,노상 주차장,37.5267088,126.9238,영등포구 여의도동 2-5,영등포구,10.0,6.0,8.857142857142858,262,4323
가락 1공영주차장,노외 주차장,37.49672,127.11744,송파구 가락동 98-1,송파구,24.0,24.0,24.0,210,7851
가락 2공영주차장,노외 주차장,37.49672,127.11744,송파구 가락동 80-2,송파구,24.0,24.0,24.0,210,7851
가로공원 지하 주차장,노외 주차장,37.54208,126.84656,강서구 화곡동 662-15,강서구,24.0,24.0,24.0,13,8009
가로공원공영주차장,노외 주차장,37.52782,126.83692,양천구 신월동 263-0,양천구,24.0,24.0,24.0,81,3941
가마산고가밑 공영주차장,노상 주차장,37.492864515,126.882595635,구로구 구로동 414-13,구로구,10.0,6.0,8.857142857142858,92,3621
가산동 공영주차장,노외 주차장,37.4753253,126.8863954,금천구 가산동 148-28,금천구,11.0,11.0,11.0,416,2257
가산동 금천교 공영주차장,노상 주차장,37.46592765,126.8871008,금천구 가산동 691-3,금천구,10.0,6.0,8.857142857142858,281,2257
가산디지털 서측,노외 주차장,37.4753253,126.8863954,금천구 가산동 505-3,금천구,11.0,24.0,14.714285714285714,416,2257
가산디지털환승,노상 주차장,37.4753253,126.8863954,금천구 가산동 35-2,금천구,11.0,24.0,14.714285714285714,416,2257
가산중뒤,노상 주차장,37.468399,126.8979571,금천구 독산동 300-21,금천구,11.0,24.0,14.714285714285714,120,2257
가산중앞,노상 주차장,37.468399,126.8979571,금천구 독산동 300-26,금천구,11.0,24.0,14.714285714285714,120,2257
가양3동 공영주차장,노외 주차장,37.56033753,126.85977547,강서구 가양동 1488-12,강서구,10.0,6.0,8.857142857142858,243,8009
가양3동 황금내공원길,노상 주차장,37.5663502,126.8525524,강서구 가양동 1485-0,강서구,10.0,6.0,8.857142857142858,157,8009
가양라이품 공영주차장,노외 주차장,37.57155732,126.84165292,강서구 가양동 1457-1,강서구,24.0,24.0,24.0,113,8009
가양역 공영주차장,노외 주차장,37.56332959,126.85308175,강서구 가양동 1480-10,강서구,13.0,13.0,13.0,182,8009
가오리 공영주차장,노외 주차장,37.6352212,127.0090642,강북구 수유동 349-3,강북구,24.0,24.0,24.0,25,1856
가오천 노상공영주차장,노상 주차장,37.6352212,127.0090642,강북구 수유동 181-40,강북구,10.0,6.0,8.857142857142858,25,1856
가재울 공영주차장,노외 주차장,37.63793,127.07251,노원구 하계동 252-6,노원구,17.0,17.0,17.0,129,3918
간송옛집 공영주차장,노외 주차장,37.66442,127.03333,도봉구 방학동 58-10,도봉구,24.0,24.0,24.0,68,2535
갈현1동공영주차장,노외 주차장,37.62058,126.91102,은평구 갈현동 9-112,은평구,24.0,24.0,24.0,34,3656
강남구 개포동 1-1,노외 주차장,37.48421,127.07006,강남구 개포동 1-1,강남구,24.0,24.0,24.0,242,15468
강남대로150길,노상 주차장,37.5123018,127.0294935,강남구 논현동 280-1,강남구,10.0,24.0,14.0,51,15468
강남세곡체육공원,노외 주차장,37.4708898,127.1033677,강남구 세곡동 1-7,강남구,24.0,24.0,24.0,154,15468
강남치매지원센터 공영주차장,노외 주차장,37.5147838,127.0543618,강남구 삼성동 113-26,강남구,24.0,24.0,24.0,85,15468
강남한티주차장,노외 주차장,37.49988,127.03856,강남구 역삼동 765-16,강남구,9.0,24.0,13.285714285714286,242,15468
강변(건물) 공영주차장,노외 주차장,37.5435,127.03742,성동구 성수동1가 366-1,성동구,24.0,24.0,24.0,0,4331
강일동 주차장,노외 주차장,37.56723,127.1713,강동구 강일동 665-4,강동구,24.0,24.0,24.0,124,5653
개봉1동 노외주차장,노외 주차장,37.4931629,126.851736,구로구 개봉동 134-8,구로구,24.0,24.0,24.0,166,3621
개봉1동마을공동주차장,노외 주차장,37.4931629,126.851736,구로구 개봉동 416-2,구로구,16.5,24.0,18.642857142857142,166,3621
개봉고가 공영주차장,노외 주차장,37.4931629,126.851736,구로구 개봉동 403-10,구로구,24.0,24.0,24.0,166,3621
개운산,노외 주차장,37.59631,127.03333,성북구 종암동 54-182,성북구,10.0,24.0,14.0,123,3533
개운산공영주차장,노외 주차장,37.5887938,127.0300906,성북구 안암동5가 1-95,성북구,24.0,24.0,24.0,100,3533
개포동공원 공영주차장,노외 주차장,37.48421,127.07006,강남구 개포동 183-2,강남구,24.0,24.0,24.0,242,15468
개화산역 공영주차장,노외 주차장,37.57224302,126.80518976,강서구 방화동 845-0,강서구,24.0,24.0,24.0,118,8009
개화역 공영주차장,노외 주차장,37.57798421,126.79821222,강서구 개화동 664-0,강서구,24.0,24.0,24.0,53,8009
거여동(기계식),노외 주차장,37.48921,127.14667,송파구 거여동 33-16,송파구,24.0,24.0,24.0,198,7851
건영백화점앞,노외 주차장,37.64802,127.07678,노원구 중계동 507-0,노원구,10.0,8.0,9.428571428571429,225,3918
견인보관소,노외 주차장,37.58773,127.06526,동대문구 휘경동 361-0,동대문구,24.0,24.0,24.0,91,3021
견인보관소 노외,노외 주차장,37.4753253,126.8863954,금천구 가산동 614-34,금천구,24.0,24.0,24.0,416,2257
경남 공영주차장,노상 주차장,37.5550711,126.9238244,마포구 서교동 376-5,마포구,10.0,10.0,10.0,55,4083
경도상가앞 노상주차장,노상 주차장,37.5267088,126.9238,영등포구 여의도동 44-0,영등포구,10.0,6.0,8.857142857142858,262,4323
경동고,노외 주차장,37.58635,127.01311,성북구 삼선동3가 43-1,성북구,24.0,24.0,24.0,198,3533
경동고 공영주차장,노외 주차장,37.58635,127.01311,성북구 삼선동3가 43-1,성북구,24.0,24.0,24.0,198,3533
경창시장 고객주차장,노외 주차장,37.52782,126.83692,양천구 신월동 446-3,양천구,24.0,24.0,24.0,81,3941
경호빌딩앞 노상주차장,노상 주차장,37.5267088,126.9238,영등포구 여의도동 25-0,영등포구,10.0,6.0,8.857142857142858,262,4323
고분다리 전통시장 공영주차장,노외 주차장,37.54294,127.12733,강동구 천호동 280-9,강동구,24.0,24.0,24.0,97,5653
고분다리전통시장 주차장,노외 주차장,37.54294,127.12733,강동구 천호동 280-9,강동구,24.0,24.0,24.0,97,5653
고척1동마을공동주차장,노외 주차장,37.5032363,126.8588409,구로구 고척동 52-54,구로구,24.0,24.0,24.0,214,3621
고척근린공원지하주차장,노외 주차장,37.5032363,126.8588409,구로구 고척동 9-14,구로구,24.0,24.0,24.0,214,3621
고척리본타운,노외 주차장,37.5032363,126.8588409,구로구 고척동 156-0,구로구,24.0,24.0,24.0,214,3621
고척리본타운주차장,노외 주차장,37.5032363,126.8588409,구로구 고척동 156,구로구,24.0,24.0,24.0,214,3621
곰달래 문화복지센터 공영주차장,노외 주차장,37.54208,126.84656,강서구 화곡동 890-0,강서구,24.0,24.0,24.0,13,8009
곰달래로5길 노상,노상 주차장,37.52782,126.83692,양천구 신월동 126-36,양천구,10.0,4.0,8.285714285714286,81,3941
곰달래주차장,노외 주차장,37.52782,126.83692,양천구 신월동 226-9,양천구,24.0,24.0,24.0,81,3941
공덕1-1 공영주차장,노외 주차장,37.549927,126.9592897,마포구 공덕동 11-243,마포구,24.0,24.0,24.0,126,4083
공항2임시,노외 주차장,37.5556799,126.7931257,강서구 공항동 703-0,강서구,24.0,24.0,24.0,0,8009
공항동(송정역),노외 주차장,37.5556799,126.7931257,강서구 공항동 42-8,강서구,24.0,24.0,24.0,0,8009
관악신사시장 공영주차장,노외 주차장,37.4868971,126.928177,관악구 신림동 494-37,관악구,10.0,10.0,10.0,16,3005
관악초 공영주차장,노외 주차장,37.484665,126.9484961,관악구 봉천동 920-0,관악구,24.0,24.0,24.0,211,3005
관철동 공영주차장,노상 주차장,37.56843983,126.98628105,종로구 관철동 13-14,종로구,13.0,5.0,10.714285714285714,221,1896
광장공영주차장,노외 주차장,37.53608,126.87585,양천구 목동 907-19,양천구,10.0,10.0,10.0,96,3941
광장주차장,노외 주차장,37.53608,126.87585,양천구 목동 907-19,양천구,10.0,10.0,10.0,96,3941
광진광장 공영주차장,노외 주차장,37.5532345,127.071936,광진구 군자동 374-9,광진구,24.0,24.0,24.0,83,2445
광화문빌딩,노상 주차장,37.5716796,126.9739063,종로구 당주동 40-9,종로구,12.0,8.0,10.857142857142858,287,1896
교남 공영주차장,노외 주차장,37.57425,126.96215,종로구 행촌동 1-53,종로구,24.0,24.0,24.0,198,1896
교대역동측주차장,노외 주차장,37.48818,127.01751,서초구 서초동 1673-7,서초구,14.0,14.0,14.0,123,8665
교보생명옆 노상주차장,노상 주차장,37.5224036,126.89391,영등포구 당산동2가 21-26,영등포구,10.0,6.0,8.857142857142858,236,4323
교육청길 공영주차장,노상 주차장,37.628995,127.0257543,강북구 미아동 137-19,강북구,10.0,6.0,8.857142857142858,38,1856
교통공원길,노상 주차장,37.5184928,127.1030779,송파구 신천동 10-2,송파구,12.0,12.0,12.0,257,7851
교통공원길(B) 노상공영주차장,노상 주차장,37.5184928,127.1030779,송파구 신천동 7-21,송파구,12.0,12.0,12.0,257,7851
교통공원길(C) 노상공영주차장,노상 주차장,37.5184928,127.1030779,송파구 신천동 7-21,송파구,12.0,12.0,12.0,257,7851
교통광장 공영주차장,노외 주차장,37.6575291,127.0089505,강북구 우이동 265-0,강북구,24.0,24.0,24.0,14,1856
구로2동 소공원 공영주차장,노외 주차장,37.4945849,126.8845477,구로구 구로동 454-1,구로구,24.0,24.0,24.0,63,3621
구로3동 마을공동주차장,노외 주차장,37.4945849,126.8845477,구로구 구로동 797-1,구로구,8.0,24.0,12.571428571428571,63,3621
구로3동마을주차장,노외 주차장,37.4945849,126.8845477,구로구 구로동 797-1,구로구,8.0,24.0,12.571428571428571,63,3621
구로4동 마을공동 주차장,노외 주차장,37.4945849,126.8845477,구로구 구로동 741-27,구로구,24.0,24.0,24.0,63,3621
구로5동마을공동주차장,노외 주차장,37.4945849,126.8845477,구로구 구로동 549-73,구로구,24.0,24.0,24.0,63,3621
구로구 개봉동 60-95,노외 주차장,37.4931629,126.851736,구로구 개봉동 60-95,구로구,24.0,24.0,24.0,166,3621
구로리공원지하주차장,노외 주차장,37.4945849,126.8845477,구로구 구로동 139-82,구로구,24.0,24.0,24.0,63,3621
구로미래도서관 공영주차장,노외 주차장,37.4945849,126.8845477,구로구 구로동 1-4,구로구,24.0,24.0,24.0,63,3621
구로아트밸리 지하주차장,노외 주차장,37.4945849,126.8845477,구로구 구로동 102-0,구로구,24.0,24.0,24.0,63,3621
구룡 공영주차장,노외 주차장,37.468399,126.8979571,금천구 독산동 964-0,금천구,11.0,11.0,11.0,120,2257
구룡공영주차빌딩,노외 주차장,37.46838,127.0361,서초구 양재동 301-6,서초구,24.0,24.0,24.0,98,8665
구룡공원 공영주차장,노외 주차장,37.46838,127.0361,서초구 양재동 399-0,서초구,24.0,24.0,24.0,98,8665
구룡산제1호,노외 주차장,37.48421,127.07006,강남구 개포동 567-23,강남구,10.0,0.0,7.142857142857143,242,15468
구룡산제2호,노외 주차장,37.48421,127.07006,강남구 개포동 126-2,강남구,10.0,0.0,7.142857142857143,242,15468
구름다리주차장,노외 주차장,37.52782,126.83692,양천구 신월동 915-4,양천구,24.0,24.0,24.0,81,3941
구릉공영 주차장,노외 주차장,37.4955756,126.9195788,동작구 신대방동 351-14,동작구,24.0,24.0,24.0,67,2867
구릉주차장,노외 주차장,37.4955756,126.9195788,동작구 신대방동 351-14,동작구,15.0,15.0,15.0,67,2867
구산동 마을공원 지하 공동주차장,노외 주차장,37.6122812,126.9082658,은평구 구산동 340-1,은평구,24.0,24.0,24.0,90,3656
구산동 마을공원 지하공동주차장,노외 주차장,37.6122812,126.9082658,은평구 구산동 340-1,은평구,24.0,24.0,24.0,90,3656
구암길,노상 주차장,37.5498936,126.86025,강서구 등촌동 709-16,강서구,10.0,6.0,8.857142857142858,32,8009
구의1동 공영주차장,노외 주차장,37.54417,127.09262,광진구 구의동 243-78,광진구,24.0,24.0,24.0,84,2445
구의2동 주택가 공영주차장,노외 주차장,37.54417,127.09262,광진구 구의동 30-10,광진구,24.0,24.0,24.0,84,2445
구의3동 공영주차장,노외 주차장,37.54417,127.09262,광진구 구의동 219-15,광진구,24.0,24.0,24.0,84,2445
구청사주변,노상 주차장,37.66727,127.07242,노원구 상계동 739-2,노원구,11.0,24.0,14.714285714285714,97,3918
구청앞,노상 주차장,37.6352212,127.0090642,강북구 수유동 191-1,강북구,10.0,6.0,8.857142857142858,25,1856
구파발역 공영주차장,노외 주차장,37.638209,126.918987,은평구 진관동 70-1,은평구,24.0,24.0,24.0,207,3656
국도화학,노상 주차장,37.4753253,126.8863954,금천구 가산동 345-26,금천구,11.0,24.0,14.714285714285714,416,2257
국민은행앞 노상주차장,노상 주차장,37.5267088,126.9238,영등포구 여의도동 15-22,영등포구,10.0,6.0,8.857142857142858,262,4323
국민일보사옥앞,노상 주차장,37.5267088,126.9238,영등포구 여의도동 1-2,영등포구,10.0,6.0,8.857142857142858,262,4323
국민일보사옥앞 노상주차장,노상 주차장,37.5267088,126.9238,영등포구 여의도동 12-0,영등포구,10.0,6.0,8.857142857142858,262,4323
금남시장 공영주차장,노외 주차장,37.54998,127.02213,성동구 금호동3가 294-0,성동구,24.0,24.0,24.0,366,4331
기륭전자,노상 주차장,37.4753253,126.8863954,금천구 가산동 219-7,금천구,11.0,24.0,14.714285714285714,416,2257
길음역환승주차장,노외 주차장,37.60444,127.03764,성북구 하월곡동 104-112,성북구,24.0,24.0,24.0,181,3533
까치공원공영주차장,노외 주차장,37.58178,127.09034,중랑구 면목동 570-0,중랑구,24.0,24.0,24.0,105,3158
까치산 전통시장 고객주차장,노외 주차장,37.54208,126.84656,강서구 화곡동 342-16,강서구,10.0,10.0,10.0,13,8009
깨비시장 고객주차장,노외 주차장,37.53608,126.87585,양천구 목동 614-3,양천구,24.0,24.0,24.0,96,3941
꿈나무길 노상공영주차장,노상 주차장,37.5498936,126.86025,강서구 등촌동 709-16,강서구,10.0,6.0,8.857142857142858,32,8009
낙산 공영주차장,노외 주차장,37.57595,127.01313,종로구 창신동 23-343,종로구,24.0,24.0,24.0,58,1896
낙성대 제2공영주차장,노상 주차장,37.484665,126.9484961,관악구 봉천동 220-8,관악구,10.0,7.0,9.142857142857142,211,3005
낙성대제2공영,노상 주차장,37.484665,126.9484961,관악구 봉천동 220-8,관악구,10.0,7.0,9.142857142857142,211,3005
난곡스마트 공영주차장,노외 주차장,37.4868971,126.928177,관악구 신림동 646-172,관악구,24.0,24.0,24.0,16,3005
난지중앙로노상공영주차장,노상 주차장,37.5691472,126.8804551,마포구 상암동 481-94,마포구,13.0,13.0,13.0,2,4083
남가좌2동 제1공영주차장,노외 주차장,37.57744,126.9179,서대문구 남가좌동 64-8,서대문구,12.0,12.0,12.0,450,2799
남가좌2동 제2공영주차장,노외 주차장,37.57744,126.9179,서대문구 남가좌동 3-75,서대문구,12.0,12.0,12.0,450,2799
남부골목 전통시장 고객주차장,노외 주차장,37.54208,126.84656,강서구 화곡동 797-7,강서구,9.5,9.5,9.5,13,8009
남부순환로397길,노상 주차장,37.49882,127.06566,강남구 대치동 600-13,강남구,10.0,24.0,14.0,105,15468
남부여성발전센터 공영주차장,노외 주차장,37.462917,126.905718,금천구 시흥동 139-2,금천구,24.0,24.0,24.0,48,2257
남부초 공영주차장,노외 주차장,37.4868971,126.928177,관악구 신림동 467-0,관악구,24.0,24.0,24.0,16,3005
남부초등학교(지하주차장),노외 주차장,37.4868971,126.928177,관악구 신림동 467-0,관악구,24.0,24.0,24.0,16,3005
남산동 공영주차장,노외 주차장,37.55841,126.98532,중구 남산동2가 30-4,중구,24.0,24.0,24.0,137,2000
남산케이블카 공영주차장,노상 주차장,37.55592104,126.98384264,중구 회현동1가 1-19,중구,12.0,12.0,12.0,114,2000
남산파출소 공영주차장,노상 주차장,37.55489261,126.98190801,중구 회현동1가 1-16,중구,10.0,6.0,8.857142857142858,38,2000
남산파출소공영주차장,노외 주차장,37.55689,126.98138,중구 회현동1가 1-16,중구,10.0,6.0,8.857142857142858,133,2000
남성사계시장공영주차장,노외 주차장,37.4856963,126.9723525,동작구 사당동 139-67,동작구,24.0,24.0,24.0,93,2867
남성역공영주차장,노외 주차장,37.4856963,126.9723525,동작구 사당동 318-12,동작구,24.0,24.0,24.0,93,2867
남현소공원 공영주차장,노외 주차장,37.4715479,126.9764934,관악구 남현동 1063-1,관악구,24.0,24.0,24.0,32,3005
내곡동 (임시) 공영주차장,노외 주차장,37.44505,127.05985,서초구 신원동 80-80,서초구,24.0,24.0,24.0,14,8665
냉천길 공영주차장,노외 주차장,37.628995,127.0257543,강북구 미아동 756-1,강북구,24.0,24.0,24.0,38,1856
노량진역공영주차장,노외 주차장,37.5110101,126.9414634,동작구 노량진동 60-12,동작구,24.0,24.0,24.0,79,2867
노원세무서 앞 공영주차장,노상 주차장,37.64643,127.04326,도봉구 창동 15-0,도봉구,11.0,11.0,11.0,38,2535
논현로22길,노외 주차장,37.48421,127.07006,강남구 개포동 1266-0,강남구,24.0,24.0,24.0,242,15468
논현로28길 노상공영 주차장,노상 주차장,37.4878395,127.0438569,강남구 도곡동 524-0,강남구,10.0,24.0,14.0,126,15468
논현로32길15 공영주차장,노외 주차장,37.4878395,127.0438569,강남구 도곡동 516-2,강남구,24.0,24.0,24.0,126,15468
논현초교 공영주차장,노외 주차장,37.5123018,127.0294935,강남구 논현동 168-0,강남구,24.0,24.0,24.0,51,15468
놀이마당,노외 주차장,37.5122807,127.0855986,송파구 잠실동 47-0,송파구,24.0,24.0,24.0,208,7851
누리 공영주차장,노외 주차장,37.5162407,126.8521196,양천구 신정동 323-13,양천구,10.0,10.0,10.0,130,3941
늘봄주차장,노외 주차장,37.58178,127.09034,중랑구 면목동 22-12,중랑구,24.0,24.0,24.0,105,3158
능골주차장,노외 주차장,37.52782,126.83692,양천구 신월동 152-38,양천구,24.0,24.0,24.0,81,3941
능동공영주차장,노외 주차장,37.55444,127.08156,광진구 능동 205-0,광진구,24.0,24.0,24.0,10,2445
다동공원 제4부지 공영주차장,노외 주차장,37.56749,126.98075,중구 다동 39-3,중구,14.0,13.5,13.857142857142858,280,2000
다락골주차장,노외 주차장,37.5162407,126.8521196,양천구 신정동 1158-1,양천구,24.0,24.0,24.0,130,3941
다목적 공영주차장,노외 주차장,37.468399,126.8979571,금천구 독산동 971-0,금천구,11.0,11.0,11.0,120,2257
달마을주차장,노외 주차장,37.53608,126.87585,양천구 목동 532-18,양천구,24.0,24.0,24.0,96,3941
답십리2동 노외주차장(홍약국옆),노외 주차장,37.57002,127.05467,동대문구 답십리동 36-12,동대문구,24.0,24.0,24.0,193,3021
당고개위 공영주차장,노상 주차장,37.67044313,127.08058642,노원구 상계동 111-568,노원구,13.0,13.0,13.0,49,3918
당곡주차장,노외 주차장,37.52782,126.83692,양천구 신월동 482-11,양천구,24.0,24.0,24.0,81,3941
당산1동공영,노외 주차장,37.52616,126.89724,영등포구 당산동3가 6-1,영등포구,24.0,24.0,24.0,258,4323
당산2동,노외 주차장,37.5346241,126.9065487,영등포구 당산동 121-105,영등포구,24.0,24.0,24.0,105,4323
당산고가밑 공영주차장,노상 주차장,37.53239477,126.90068662,영등포구 당산동5가 9-15,영등포구,10.0,6.0,8.857142857142858,337,4323
당산근린공원 공영,노외 주차장,37.52616,126.89724,영등포구 당산동3가 385-0,영등포구,24.0,24.0,24.0,258,4323
당산노외공영주차장,노외 주차장,37.52625065,126.89945376,영등포구 당산동3가 2-1,영등포구,13.0,13.0,13.0,295,4323
당인 유료 주차장,노상 주차장,37.5477846,126.9095636,마포구 합정동 362-1,마포구,10.0,24.0,14.0,79,4083
당인노상공영주차장,노상 주차장,37.5477846,126.9095636,마포구 합정동 362-5,마포구,11.0,11.0,11.0,79,4083
대림1동공영,노외 주차장,37.4957573,126.899936,영등포구 대림동 834-1,영등포구,24.0,24.0,24.0,50,4323
대림2동공영,노외 주차장,37.4957573,126.899936,영등포구 대림동 1072-25,영등포구,24.0,24.0,24.0,50,4323
대림3동 공영주차장,노외 주차장,37.4957573,126.899936,영등포구 대림동 745-1,영등포구,24.0,24.0,24.0,50,4323
대림노외공영주차장,노외 주차장,37.4928472,126.89433148,구로구 구로동 120-5,구로구,10.0,10.0,10.0,94,3621
대림역,노상 주차장,37.4957573,126.899936,영등포구 대림동 808-8,영등포구,10.0,6.0,8.857142857142858,50,4323
대림역 공영주차장,노상 주차장,37.493081185,126.89539544,영등포구 대림동 808-24,영등포구,10.0,6.0,8.857142857142858,84,4323
대림역2 공영주차장,노상 주차장,37.49583349,126.89369871,구로구 구로동 73-9,구로구,10.0,6.0,8.857142857142858,97,3621
대림운동장,노외 주차장,37.4957573,126.899936,영등포구 대림동 780-0,영등포구,24.0,24.0,24.0,50,4323
대방생태공영주차장,노외 주차장,37.5067997,126.9291349,동작구 대방동 395-1,동작구,24.0,24.0,24.0,75,2867
대왕초 공영주차장,노외 주차장,37.4708898,127.1033677,강남구 세곡동 517-0,강남구,24.0,24.0,24.0,154,15468
대지시장길 공영주차장,노외 주차장,37.628995,127.0257543,강북구 미아동 703-8,강북구,24.0,24.0,24.0,38,1856
대청역 공영주차장,노외 주차장,37.48421,127.07006,강남구 개포동 13-2,강남구,24.0,24.0,24.0,242,15468
대치2문화센터 공영주차장,노외 주차장,37.49882,127.06566,강남구 대치동 980-9,강남구,24.0,12.0,20.571428571428573,105,15468
대치동507-3,노상 주차장,37.49882,127.06566,강남구 대치동 507-3,강남구,10.0,24.0,14.0,105,15468
대치유수지,노상 주차장,37.49882,127.06566,강남구 대치동 78-29,강남구,10.0,24.0,14.0,105,15468
대현산배수지 주차장,노외 주차장,37.55286,127.02393,성동구 금호동1가 103-0,성동구,24.0,24.0,24.0,442,4331
대흥공영주차장,노외 주차장,37.5510043,126.9419496,마포구 대흥동 73-27,마포구,24.0,24.0,24.0,158,4083
덕성엔앰피,노상 주차장,37.4753253,126.8863954,금천구 가산동 345-15,금천구,11.0,24.0,14.714285714285714,416,2257
덕원주차장,노외 주차장,37.57105,127.06806,동대문구 장안동 458-8,동대문구,24.0,24.0,24.0,104,3021
도곡로 327 공영주차장,노외 주차장,37.49988,127.03856,강남구 역삼동 765-22,강남구,24.0,24.0,24.0,242,15468
도곡로 421 공영주차장,노외 주차장,37.49882,127.06566,강남구 대치동 939-21,강남구,24.0,24.0,24.0,105,15468
도곡로21길 7 공영주차장,노외 주차장,37.49988,127.03856,강남구 역삼동 795-25,강남구,24.0,24.0,24.0,242,15468
도곡초 공영주차장,노외 주차장,37.49882,127.06566,강남구 대치동 924-10,강남구,24.0,24.0,24.0,105,15468
도깨비시장 공영주차장,노외 주차장,37.66442,127.03333,도봉구 방학동 632-1,도봉구,13.0,13.0,13.0,68,2535
도림고가 노상주차장,노상 주차장,37.51217,126.89799,영등포구 문래동1가 39-1,영등포구,10.0,6.0,8.857142857142858,302,4323
도림동 공영주차장,노외 주차장,37.5082619,126.8993866,영등포구 도림동 226-13,영등포구,23.0,23.0,23.0,321,4323
도봉2동 6공영주차장,노외 주차장,37.6826056,127.0425405,도봉구 도봉동 59-1,도봉구,24.0,24.0,24.0,103,2535
도봉산 공영주차장,노외 주차장,37.6876442,127.04066026,도봉구 도봉동 282-26,도봉구,14.0,14.0,14.0,75,2535
도봉산역 공영주차장,노외 주차장,37.68972069,127.04483862,도봉구 도봉동 288-19,도봉구,24.0,24.0,24.0,213,2535
도산대로25길 32 공영주차장,노외 주차장,37.5223206,127.0277019,강남구 신사동 564-0,강남구,10.0,24.0,14.0,62,15468
도선동(지하) 공영주차장,노외 주차장,37.5660138,127.0327281,성동구 홍익동 369-0,성동구,24.0,24.0,24.0,190,4331
독산2동 공영주차장,노외 주차장,37.468399,126.8979571,금천구 독산동 1050-17,금천구,11.5,17.5,13.214285714285714,120,2257
독산2동 지평식주차장4,노외 주차장,37.4753253,126.8863954,금천구 가산동 1031-12,금천구,24.0,24.0,24.0,416,2257
독산3동 공영주차장,노외 주차장,37.468399,126.8979571,금천구 독산동 898-24,금천구,11.0,11.0,11.0,120,2257
독산4동 공영주차장,노외 주차장,37.468399,126.8979571,금천구 독산동 187-40,금천구,24.0,24.0,24.0,120,2257
독산동 금천교 공영주차장,노상 주차장,37.46658655,126.88993519,금천구 독산동 1081-4,금천구,10.0,6.0,8.857142857142858,284,2257
돈화문로 공영주차장,노상 주차장,37.5647315,126.992846,중구 을지로3가 296-24,중구,10.0,6.0,8.857142857142858,58,2000
동교동 노상공영주차장,노상 주차장,37.5550711,126.9238244,마포구 서교동 332-1,마포구,11.0,11.0,11.0,55,4083
동구로 공영주차장,노외 주차장,37.49510602,126.89186155,구로구 구로동 94-1,구로구,24.0,24.0,24.0,104,3621
동국제강 공영주차장,노외 주차장,37.56733736,126.98343453,중구 삼각동 111-1,중구,10.0,10.0,10.0,301,2000
동답 공영주차장,노외 주차장,37.57002,127.05467,동대문구 답십리동 2-283,동대문구,10.0,10.0,10.0,193,3021
동대문 공영주차장,노외 주차장,37.56710187,127.01214106,중구 신당동 251-7,중구,24.0,24.0,24.0,133,2000
동막골,노외 주차장,37.66727,127.07242,노원구 상계동 31-0,노원구,9.0,4.0,7.571428571428571,97,3918
동막골 노외공영주차장,노외 주차장,37.66727,127.07242,노원구 상계동 31-0,노원구,10.0,24.0,14.0,97,3918
동묘공영,노외 주차장,37.57648,127.01848,종로구 숭인동 227-0,종로구,24.0,24.0,24.0,110,1896
동묘공영주차장,노외 주차장,37.57648,127.01848,종로구 숭인동 227-8,종로구,9.0,24.0,13.285714285714286,110,1896
동문굿모닝탑 앞 노상공영주차장,노상 주차장,37.5162407,126.8521196,양천구 신정동 324-3,양천구,10.0,24.0,14.0,130,3941
동방고개,노외 주차장,37.6162,127.05086,성북구 장위동 230-110,성북구,24.0,24.0,24.0,95,3533
동산마을 공영주차장,노외 주차장,37.46838,127.0361,서초구 양재동 370-5,서초구,24.0,24.0,24.0,98,8665
동서울 노외주차장,노외 주차장,37.54417,127.09262,광진구 구의동 598-1,광진구,11.0,11.0,11.0,84,2445
동아빌딩앞,노상 주차장,37.5267088,126.9238,영등포구 여의도동 1-4,영등포구,10.0,6.0,8.857142857142858,262,4323
동아빌딩앞 노상주차장,노상 주차장,37.5267088,126.9238,영등포구 여의도동 14-0,영등포구,10.0,6.0,8.857142857142858,262,4323
동우주차장,노외 주차장,37.55783,127.03571,성동구 행당동 32-1,성동구,24.0,24.0,24.0,464,4331
동원시장공영주차장,노외 주차장,37.58178,127.09034,중랑구 면목동 74-33,중랑구,24.0,24.0,24.0,105,3158
동작갯마을,노상 주차장,37.5028911,126.9775288,동작구 동작동 102-65,동작구,10.0,10.0,10.0,14,2867
동작갯마을 공영주차장,노상 주차장,37.5028911,126.9775288,동작구 동작동 102-65,동작구,10.0,10.0,10.0,14,2867
동작구청 부설주차장,노외 주차장,37.5110101,126.9414634,동작구 노량진동 47-2,동작구,24.0,24.0,24.0,79,2867
동작대교 공영주차장,노외 주차장,37.518577,126.983287,용산구 용산동6가 69-11,용산구,14.0,14.0,14.0,45,2674
동작대교(위) 공영주차장,노상 주차장,37.50535472,126.9806183,동작구 동작동 316-3,동작구,14.0,14.0,14.0,14,2867
동작대교(위) 공영주차장,노상 주차장,37.50535472,126.9806183,동작구 동작동 316-3,동작구,14.0,14.0,14.0,14,2867
동작주차공원,노외 주차장,37.5028911,126.9775288,동작구 동작동 326-0,동작구,24.0,24.0,24.0,14,2867
동작주차공원 주차장,노외 주차장,37.5028911,126.9775288,동작구 동작동 326-0,동작구,24.0,24.0,24.0,14,2867
동호대교(남) 공영주차장,노상 주차장,37.53093729,127.024794275,강남구 압구정동 435-0,강남구,10.0,10.0,10.0,17,15468
동화동 공영주차장,노외 주차장,37.5651969,127.01322,중구 신당동 52-7,중구,24.0,24.0,24.0,100,2000
둔촌역전통시장,노외 주차장,37.52998,127.12875,강동구 성내동 417-34,강동구,24.0,24.0,24.0,59,5653
둘리뮤지엄 공영주차장,노외 주차장,37.65347,127.02715,도봉구 쌍문동 79-0,도봉구,24.0,24.0,24.0,85,2535
둘리뮤지엄공영주차장,노외 주차장,37.65347,127.02715,도봉구 쌍문동 79-0,도봉구,24.0,24.0,24.0,85,2535
등나무근린공원,노외 주차장,37.64802,127.07678,노원구 중계동 508-1,노원구,11.0,12.0,11.285714285714286,225,3918
등촌 2-1 공영주차장,노외 주차장,37.5498936,126.86025,강서구 등촌동 531-5,강서구,24.0,24.0,24.0,32,8009
등촌3동 꿈나무길,노상 주차장,37.5498936,126.86025,강서구 등촌동 701-0,강서구,10.0,6.0,8.857142857142858,32,8009
뚝섬유수지(평면) 공영주차장,노외 주차장,37.5435,127.03742,성동구 성수동1가 685-63,성동구,24.0,24.0,24.0,0,4331
렉싱턴호텔뒤 노상주차장,노상 주차장,37.5267088,126.9238,영등포구 여의도동 13-0,영등포구,10.0,6.0,8.857142857142858,262,4323
롯데캐슬앞 노상주차장,노상 주차장,37.5267088,126.9238,영등포구 여의도동 36-0,영등포구,10.0,6.0,8.857142857142858,262,4323
마곡8 임시 주차장,노외 주차장,37.566575,126.826243,강서구 마곡동 728-42,강서구,10.0,24.0,14.0,343,8009
마들스타디움(근린공원),노외 주차장,37.66727,127.07242,노원구 상계동 770-2,노원구,17.0,16.5,16.857142857142858,97,3918
마른내길 공영주차장,노상 주차장,37.56433062,126.99457488,중구 인현동1가 87-10,중구,10.0,6.0,8.857142857142858,59,2000
마른내로 공영주차장,노상 주차장,37.56452799,126.99985972,중구 오장동 69-3,중구,9.0,24.0,13.285714285714286,82,2000
마을공원,노외 주차장,37.6162,127.05086,성북구 장위동 77-79,성북구,24.0,24.0,24.0,95,3533
마을마당주차장,노외 주차장,37.52782,126.83692,양천구 신월동 129-6,양천구,24.0,24.0,24.0,81,3941
마장축산물시장 서문(건물) 공영주차장,노외 주차장,37.56743,127.04045,성동구 마장동 522-1,성동구,24.0,24.0,24.0,182,4331
마장축산물시장(건물) 공영주차장,노외 주차장,37.56743,127.04045,성동구 마장동 525-1,성동구,24.0,24.0,24.0,182,4331
마천동1(건축물식),노외 주차장,37.49803,127.15167,송파구 마천동 215-0,송파구,24.0,24.0,24.0,41,7851
마천동2(건축물식),노외 주차장,37.49803,127.15167,송파구 마천동 364-5,송파구,24.0,24.0,24.0,41,7851
마천동3(건축물식),노외 주차장,37.49803,127.15167,송파구 마천동 128-4,송파구,24.0,24.0,24.0,41,7851
마포중앙도서관 공영주차장,노외 주차장,37.56775,126.90263,마포구 성산동 275-3,마포구,24.0,24.0,24.0,131,4083
만승뒤(협동봉제조합),노상 주차장,37.4753253,126.8863954,금천구 가산동 139-31,금천구,11.0,8.0,10.142857142857142,416,2257
망원1-1 공영주차장,노외 주차장,37.55586,126.90087,마포구 망원동 418-39,마포구,8.5,24.0,12.928571428571429,81,4083
망원1-2 공영주차장,노외 주차장,37.55586,126.90087,마포구 망원동 403-2,마포구,24.0,24.0,24.0,81,4083
망원2-1 공영주차장,노외 주차장,37.55586,126.90087,마포구 망원동 428-5,마포구,8.5,24.0,12.928571428571429,81,4083
망원나들목공영주차장A동,노외 주차장,37.55586,126.90087,마포구 망원동 461-3,마포구,24.0,24.0,24.0,81,4083
망원동 공영주차장,노외 주차장,37.55586,126.90087,마포구 망원동 478-10,마포구,24.0,24.0,24.0,81,4083
매바위 공영주차장,노외 주차장,37.59418,126.92555,은평구 응암동 747-8,은평구,24.0,24.0,24.0,278,3656
매헌시민의숲(매헌)역 공영주차장,노외 주차장,37.46838,127.0361,서초구 양재동 237-2,서초구,24.0,24.0,24.0,98,8665
면목2동공영주차장,노외 주차장,37.58178,127.09034,중랑구 면목동 146-1,중랑구,24.0,24.0,24.0,105,3158
면목5동공영주차장,노외 주차장,37.58178,127.09034,중랑구 면목동 162-22,중랑구,24.0,24.0,24.0,105,3158
면목유수지 공영주차장,노외 주차장,37.579494,127.081451,중랑구 면목동 168-2,중랑구,24.0,24.0,24.0,123,3158
면목초교주자창,노외 주차장,37.58178,127.09034,중랑구 면목동 192-1,중랑구,24.0,24.0,24.0,105,3158
명광교회공영주차장,노외 주차장,37.58659,126.99398,종로구 명륜3가 12-0,종로구,24.0,24.0,24.0,21,1896
명광교회옆,노외 주차장,37.58659,126.99398,종로구 명륜3가 12-0,종로구,24.0,24.0,24.0,21,1896
명륜1가공영주차장,노외 주차장,37.58861,126.99689,종로구 명륜1가 5-14,종로구,24.0,24.0,24.0,43,1896
명륜동와룡주차장,노외 주차장,37.58659,126.99398,종로구 명륜3가 1-21,종로구,24.0,24.0,24.0,21,1896
명일동 공영주차장,노외 주차장,37.55361065,127.15591212,강동구 명일동 47-9,강동구,11.0,6.0,9.571428571428571,220,5653
목2동 월촌,노외 주차장,37.53608,126.87585,양천구 목동 525-0,양천구,24.0,24.0,24.0,96,3941
목3동 해운주차장,노외 주차장,37.53608,126.87585,양천구 목동 711-6,양천구,24.0,24.0,24.0,96,3941
목동체비지 공영주차장,노외 주차장,37.53679354,126.8806468,양천구 목동 908-26,양천구,13.0,13.0,13.0,124,3941
목동타운홀,노외 주차장,37.53608,126.87585,양천구 목동 905-21,양천구,10.0,24.0,14.0,96,3941
목사랑시장,노외 주차장,37.53608,126.87585,양천구 목동 723-7,양천구,24.0,24.0,24.0,96,3941
무계원 공영,노외 주차장,37.5949602,126.9657272,종로구 부암동 328-2,종로구,24.0,24.0,24.0,3,1896
무궁화공영주차장,노외 주차장,37.48818,127.01751,서초구 서초동 1666-17,서초구,24.0,24.0,24.0,123,8665
묵정공원지하 공영주차장,노외 주차장,37.5623267,126.9991376,중구 충무로5가 21-0,중구,24.0,24.0,24.0,90,2000
문래1동 공영주차장,노상 주차장,37.51355189,126.89703007,영등포구 문래동3가 54-12,영등포구,10.0,6.0,8.857142857142858,164,4323
문래근린공원 주차장,노외 주차장,37.51702,126.89591,영등포구 문래동3가 60-2,영등포구,24.0,24.0,24.0,268,4323
문래동공영,노외 주차장,37.51588,126.88411,영등포구 문래동5가 3-0,영등포구,24.0,24.0,24.0,208,4323
문래동주민센터 앞 노상주차장,노상 주차장,37.51702,126.89591,영등포구 문래동3가 55-16,영등포구,10.0,6.0,8.857142857142858,268,4323
문정 공영주차장,노외 주차장,37.48434,127.12246,송파구 문정동 2-5,송파구,15.0,15.0,15.0,376,7851
문정골길 노상공영주차장,노상 주차장,37.48434,127.12246,송파구 문정동 41-14,송파구,12.0,12.0,12.0,376,7851
문정근린공원,노외 주차장,37.48434,127.12246,송파구 문정동 38-3,송파구,24.0,24.0,24.0,376,7851
문화공영주차장,노외 주차장,37.5651969,127.01322,중구 신당동 425-1,중구,15.5,9.0,13.642857142857142,100,2000
문화회관 동측 공영주차장,노외 주차장,37.5162407,126.8521196,양천구 신정동 322-5,양천구,10.0,10.0,10.0,130,3941
문화회관 지하 주차장,노외 주차장,37.5162407,126.8521196,양천구 신정동 322-0,양천구,10.0,10.0,10.0,130,3941
문화회관동측,노외 주차장,37.5162407,126.8521196,양천구 신정동 322-5,양천구,10.0,10.0,10.0,130,3941
문화회관서측 노외주차장,노외 주차장,37.5162407,126.8521196,양천구 신정동 323-25,양천구,10.0,10.0,10.0,130,3941
미래에셋빌딩 앞 노상주차장,노상 주차장,37.5267088,126.9238,영등포구 여의도동 45-0,영등포구,10.0,6.0,8.857142857142858,262,4323
민속의 집 주차장,노외 주차장,37.56528,127.15761,강동구 고덕동 215-0,강동구,24.0,24.0,24.0,74,5653
민속의집 공영주차장,노외 주차장,37.56528,127.15761,강동구 고덕동 215-0,강동구,24.0,24.0,24.0,74,5653
바람개비 공영주차장,노외 주차장,37.53608,126.87585,양천구 목동 919-8,양천구,10.0,24.0,14.0,96,3941
바람개비주차장,노외 주차장,37.53608,126.87585,양천구 목동 919-8,양천구,10.0,24.0,14.0,96,3941
반포2동 공영주차장,노외 주차장,37.50312,127.0014,서초구 반포동 5-1,서초구,24.0,24.0,24.0,412,8665
반포2동공영주차장(덜위치칼리지),노외 주차장,37.50312,127.0014,서초구 반포동 5-1,서초구,24.0,24.0,24.0,412,8665
반포4동 주민센터 공영주차장,노외 주차장,37.50312,127.0014,서초구 반포동 74-7,서초구,24.0,24.0,24.0,412,8665
반포동 방음언덕형 공영주차장,노외 주차장,37.50312,127.0014,서초구 반포동 730-0,서초구,24.0,24.0,24.0,412,8665
반포둥근마을 공영주차장,노외 주차장,37.50312,127.0014,서초구 반포동 49-8,서초구,24.0,24.0,24.0,412,8665
반포복개천 공영주차장,노상 주차장,37.50312,127.0014,서초구 반포동 120-1,서초구,12.0,12.0,12.0,412,8665
반포복개천 노상공영주차장,노상 주차장,37.50312,127.0014,서초구 반포동 120-1,서초구,12.0,12.0,12.0,412,8665
반포서래공영주차장[서래마을 3호점],노외 주차장,37.50312,127.0014,서초구 반포동 95-13,서초구,24.0,24.0,24.0,412,8665
반포한강공원 반포2주차장,노외 주차장,37.50312,127.0014,서초구 반포동 115-5,서초구,18.0,18.0,18.0,412,8665
밝은빛 공영주차장,노외 주차장,37.5162407,126.8521196,양천구 신정동 323-18,양천구,10.0,10.0,10.0,130,3941
밤고개로21길 공영주차장,노외 주차장,37.4714,127.1113,강남구 율현동 77-5,강남구,24.0,24.0,24.0,29,15468
방배1동 공영주차장,노외 주차장,37.4798789,126.9939103,서초구 방배동 328-1,서초구,24.0,24.0,24.0,42,8665
방배복개도로 제2지역 노상공영주차장,노상 주차장,37.4798789,126.9939103,서초구 방배동 493-5,서초구,13.0,13.0,13.0,42,8665
방배열린문화센터 공영주차장,노외 주차장,37.4798789,126.9939103,서초구 방배동 852-14,서초구,24.0,24.0,24.0,42,8665
방배중앙로 노상공영주차장,노상 주차장,37.4798789,126.9939103,서초구 방배동 760-3,서초구,10.0,10.0,10.0,42,8665
방신시장 고객주차장,노상 주차장,37.57682,126.81422,강서구 방화동 858-0,강서구,10.0,10.0,10.0,191,8009
방이고분,노외 주차장,37.5141564,127.1195472,송파구 방이동 125-0,송파구,9.0,6.0,8.142857142857142,93,7851
방이동 공영주차장,노외 주차장,37.5141564,127.1195472,송파구 방이동 52-1,송파구,24.0,24.0,24.0,93,7851
방이습지 노상공영주차장,노상 주차장,37.5141564,127.1195472,송파구 방이동 452-12,송파구,9.0,9.0,9.0,93,7851
방학동 도깨비시장 공영주차장,노외 주차장,37.66442,127.03333,도봉구 방학동 632-1,도봉구,13.0,13.0,13.0,68,2535
방학동 월드상가 앞 주차장,노상 주차장,37.66442,127.03333,도봉구 방학동 717-0,도봉구,9.0,9.0,9.0,68,2535
방화로 공영주차장,노상 주차장,37.55468529,126.81629744,강서구 공항동 796-0,강서구,9.0,24.0,13.285714285714286,97,8009
배봉공영주차장,노외 주차장,37.58773,127.06526,동대문구 휘경동 286-66,동대문구,17.0,17.0,17.0,91,3021
배오개길 공영주차장,노상 주차장,37.56535114,126.998315985,중구 예관동 22-1,중구,10.0,6.0,8.857142857142858,60,2000
번2동 공영주차장(무인),노외 주차장,37.62929,127.03684,강북구 번동 148-140,강북구,24.0,24.0,24.0,82,1856
범일운수~신세계물류센터,노상 주차장,37.468399,126.8979571,금천구 독산동 1001-2,금천구,11.0,24.0,14.714285714285714,120,2257
법마을공영주차장,노외 주차장,37.5162407,126.8521196,양천구 신정동 1018-3,양천구,24.0,24.0,24.0,130,3941
법안정사 공영주차장,노상 주차장,37.53608,126.87585,양천구 목동 907-1,양천구,10.0,6.0,8.857142857142858,96,3941
벚꽃길주차장,노외 주차장,37.5162407,126.8521196,양천구 신정동 884-8,양천구,24.0,24.0,24.0,130,3941
벤처빌딩,노외 주차장,37.6162,127.05086,성북구 장위동 65-154,성북구,24.0,24.0,24.0,95,3533
벽산 노상공영,노상 주차장,37.6352212,127.0090642,강북구 수유동 36-1,강북구,10.0,6.0,8.857142857142858,25,1856
벽산공영,노상 주차장,37.6352212,127.0090642,강북구 수유동 45-0,강북구,10.0,6.0,8.857142857142858,25,1856
벽산디지털밸리앞 노상주차장,노상 주차장,37.51588,126.88411,영등포구 문래동5가 5-0,영등포구,10.0,6.0,8.857142857142858,208,4323
볏골공원 지하공영주차장,노외 주차장,37.54208,126.84656,강서구 화곡동 98-99,강서구,24.0,24.0,24.0,13,8009
볕우물 공영주차장,노외 주차장,37.55237413,127.13512275,강동구 암사동 473-3,강동구,24.0,24.0,24.0,170,5653
보라매공원동문주차장,노외 주차장,37.4955756,126.9195788,동작구 신대방동 395-0,동작구,13.0,13.0,13.0,67,2867
보라매상업 공영주차장,노외 주차장,37.49039184,126.92340595,동작구 신대방동 431-3,동작구,12.0,12.0,12.0,153,2867
보라매제1공영주차장,노외 주차장,37.484665,126.9484961,관악구 봉천동 110-4,관악구,24.0,24.0,24.0,211,3005
복정역 공영주차장,노외 주차장,37.47005293,127.1277329,송파구 장지동 600-2,송파구,24.0,24.0,24.0,38,7851
봉수대공영주차장,노외 주차장,37.61182,127.09298,중랑구 신내동 12-2,중랑구,9.0,24.0,13.285714285714286,178,3158
봉천복개3 공영주차장,노상 주차장,37.48839206,126.93069135,관악구 봉천동 1467-3,관악구,10.0,6.0,8.857142857142858,22,3005
봉화산역(남) 공영주차장,노외 주차장,37.61182,127.09298,중랑구 신내동 647-0,중랑구,13.0,13.0,13.0,178,3158
부군당길공영주차장,노외 주차장,37.5806,127.05543,동대문구 전농동 273-1,동대문구,17.0,17.0,17.0,80,3021
부영그린 공영노상주차장,노상 주차장,37.53608,126.87585,양천구 목동 908-35,양천구,10.0,6.0,8.857142857142858,96,3941
북부지법주변,노상 주차장,37.63021,127.08818,노원구 공릉동 629-1,노원구,10.0,9.0,9.714285714285714,144,3918
불암산 공영주차장,노외 주차장,37.64802,127.07678,노원구 중계동 26-0,노원구,16.5,24.0,18.642857142857142,225,3918
비봉,노외 주차장,37.609029,126.9573925,종로구 구기동 139-9,종로구,10.0,10.0,10.0,3,1896
비봉주차장,노외 주차장,37.609029,126.9573925,종로구 구기동 139-9,종로구,10.0,10.0,10.0,3,1896
비석거리,노상 주차장,37.49672,127.11744,송파구 가락동 95-6,송파구,9.0,24.0,13.285714285714286,210,7851
빗물펌프장 공영주차장,노외 주차장,37.5064393,126.963687,동작구 흑석동 105-0,동작구,24.0,24.0,24.0,166,2867
빙수골장미,노외 주차장,37.4988159,126.9441045,동작구 상도동 301-132,동작구,24.0,24.0,24.0,155,2867
빨래골 노상공영,노상 주차장,37.6352212,127.0090642,강북구 수유동 49-27,강북구,10.0,6.0,8.857142857142858,25,1856
사당노외공영주차장,노외 주차장,37.47543791,126.98377372,서초구 방배동 507-1,서초구,24.0,24.0,24.0,104,8665
사조냉장-무등실업,노상 주차장,37.468399,126.8979571,금천구 독산동 303-2,금천구,11.0,24.0,14.714285714285714,120,2257
산업은행앞,노상 주차장,37.5267088,126.9238,영등포구 여의도동 1-5,영등포구,10.0,6.0,8.857142857142858,262,4323
산업은행앞 노상주차장,노상 주차장,37.5267088,126.9238,영등포구 여의도동 16-0,영등포구,10.0,6.0,8.857142857142858,262,4323
살곶이(평면) 공영주차장,노외 주차장,37.5589948,127.0480281,성동구 사근동 104-0,성동구,24.0,24.0,24.0,41,4331
살피재 주차장,노상 주차장,37.4988159,126.9441045,동작구 상도동 485-6,동작구,24.0,24.0,24.0,155,2867
삼각지고가밑 공영주차장,노상 주차장,37.53704625,126.96954765,용산구 문배동 12-1,용산구,10.0,6.0,8.857142857142858,350,2674
삼성1문화센터 공영주차장,노외 주차장,37.5147838,127.0543618,강남구 삼성동 161-2,강남구,24.0,24.0,24.0,85,15468
삼성유료주차장,노외 주차장,37.5223206,127.0277019,강남구 신사동 625-13,강남구,12.0,12.0,12.0,62,15468
삼양마을공원지하공영주차장,노외 주차장,37.628995,127.0257543,강북구 미아동 748-2,강북구,24.0,24.0,24.0,38,1856
삼전동(건축물식),노외 주차장,37.5014521,127.0901512,송파구 삼전동 175-8,송파구,24.0,24.0,24.0,26,7851
삼청공원앞,노상 주차장,37.58964,126.98112,종로구 삼청동 25-11,종로구,12.0,8.0,10.857142857142858,11,1896
삼환아파트,노상 주차장,37.468399,126.8979571,금천구 독산동 1004-6,금천구,11.0,24.0,14.714285714285714,120,2257
삼환아파트 앞 노상주차장,노상 주차장,37.514477,126.8898892,영등포구 문래동4가 41-0,영등포구,10.0,6.0,8.857142857142858,127,4323
상계2동 공영주차장,노외 주차장,37.66727,127.07242,노원구 상계동 373-13,노원구,24.0,24.0,24.0,97,3918
상봉2동공영주차장,노외 주차장,37.60002,127.09283,중랑구 상봉동 110-38,중랑구,24.0,24.0,24.0,245,3158
상암1 공영주차장,노외 주차장,37.5715724,126.8728063,마포구 상암동 1621-0,마포구,24.0,24.0,24.0,0,4083
상인회주차장,노외 주차장,37.4507049,126.9085555,금천구 시흥동 886-13,금천구,9.0,9.0,9.0,56,2257
새마을시장,노상 주차장,37.5122807,127.0855986,송파구 잠실동 284-0,송파구,12.0,12.0,12.0,208,7851
색동공원 공영주차장,노외 주차장,37.6352212,127.0090642,강북구 수유동 49-7,강북구,24.0,24.0,24.0,25,1856
색동공원공영주차장,노외 주차장,37.6352212,127.0090642,강북구 수유동 49-7,강북구,24.0,24.0,24.0,25,1856
서강대역 환승 공영주차장,노외 주차장,37.5462035,126.9359375,마포구 신수동 93-35,마포구,24.0,24.0,24.0,182,4083
서계동공영주차장,노외 주차장,37.55234,126.96595,용산구 서계동 276-5,용산구,24.0,24.0,24.0,241,2674
서광주차장,노외 주차장,37.4955756,126.9195788,동작구 신대방동 607-45,동작구,24.0,24.0,24.0,67,2867
서래마을공영주차장,노외 주차장,37.50312,127.0014,서초구 반포동 90-7,서초구,24.0,24.0,24.0,412,8665
서부간선도로,노상 주차장,37.4753253,126.8863954,금천구 가산동 557-4,금천구,11.0,24.0,14.714285714285714,416,2257
서서울주차장,노외 주차장,37.52782,126.83692,양천구 신월동 267-8,양천구,24.0,24.0,24.0,81,3941
서소문 삼성생명뒤 공영주차장,노외 주차장,37.5645479,126.9766825,중구 태평로2가 150-0,중구,14.0,9.0,12.571428571428571,223,2000
서소문삼성생명뒤,노외 주차장,37.56283,126.97365,중구 서소문동 122-0,중구,14.0,9.0,12.571428571428571,218,2000
서소문올리브타워옆 공영주차장,노외 주차장,37.56283,126.97365,중구 서소문동 137-0,중구,11.0,7.0,9.857142857142858,218,2000
서울글로벌센터 공영주차장,노외 주차장,37.56983402,126.98150586,종로구 서린동 63-0,종로구,9.0,24.0,13.285714285714286,294,1896
서울숲 공영주차장,노외 주차장,37.5435,127.03742,성동구 성수동1가 643,성동구,24.0,24.0,24.0,0,4331
서울식물원 제2주차장,노외 주차장,37.566575,126.826243,강서구 마곡동 20-3,강서구,24.0,24.0,24.0,343,8009
서울암사동유적 주차장,노외 주차장,37.5582352,127.1308542,강동구 암사동 139-2,강동구,9.0,9.0,9.0,30,5653
서울약령시공영주차장,노외 주차장,37.58465,127.03678,동대문구 제기동 1082-0,동대문구,24.0,24.0,24.0,55,3021
서원동제1공영,노상 주차장,37.4868971,126.928177,관악구 신림동 1642-7,관악구,10.0,10.0,10.0,16,3005
서인사마당,노외 주차장,37.57435,126.98243,종로구 견지동 85-18,종로구,14.0,14.0,14.0,204,1896
서인사마당공영,노외 주차장,37.57435,126.98243,종로구 견지동 85-18,종로구,14.0,14.0,14.0,204,1896
서초역 공영주차장,노외 주차장,37.48818,127.01751,서초구 서초동 1542-12,서초구,24.0,24.0,24.0,123,8665
서호1,노외 주차장,37.5122807,127.0855986,송파구 잠실동 42-0,송파구,24.0,24.0,24.0,208,7851
서호2,노외 주차장,37.5122807,127.0855986,송파구 잠실동 47-0*,송파구,24.0,24.0,24.0,208,7851
석계역 공영주차장,노외 주차장,37.615292,127.062997,노원구 월계동 50-9,노원구,24.0,24.0,24.0,120,3918
석계역 앞,노외 주차장,37.6289,127.0567,노원구 월계동 60-1,노원구,10.0,7.0,9.142857142857142,153,3918
석계역앞,노외 주차장,37.6289,127.0567,노원구 월계동 60-1,노원구,10.0,7.0,9.142857142857142,153,3918
석촌고분,노외 주차장,37.5024827,127.103495,송파구 석촌동 248-0,송파구,9.0,9.0,9.0,31,7851
석촌역(제1호),노상 주차장,37.50479,127.11369,송파구 송파동 68-0,송파구,12.0,12.0,12.0,58,7851
선릉로132길 노상공영 주차장,노상 주차장,37.5257535,127.0523217,강남구 청담동 77-84,강남구,10.0,24.0,14.0,393,15468
선릉로146길 노상공영주차장,노상 주차장,37.5257535,127.0523217,강남구 청담동 77-27,강남구,10.0,24.0,14.0,393,15468
성균관 유림회관,노외 주차장,37.58659,126.99398,종로구 명륜3가 53-0,종로구,24.0,24.0,24.0,21,1896
성내역(잠실나루역) 공영주차장,노상 주차장,37.517732385,127.105057265,송파구 신천동 11-1,송파구,9.0,6.0,8.142857142857142,336,7851
성내전통시장 주차장,노외 주차장,37.52998,127.12875,강동구 성내동 224-37,강동구,24.0,24.0,24.0,59,5653
성동 고등학교 공영주차장,노외 주차장,37.5651969,127.01322,중구 신당동 161-0,중구,24.0,24.0,24.0,100,2000
성동공고 공영주차장,노외 주차장,37.56738,127.01651,중구 흥인동 1-1,중구,24.0,24.0,24.0,109,2000
성산2-1 공영주차장,노외 주차장,37.56775,126.90263,마포구 성산동 199-0,마포구,8.5,24.0,12.928571428571429,131,4083
성수2가1동(건물) 공영주차장,노외 주차장,37.54048,127.05601,성동구 성수동2가 571-1,성동구,24.0,24.0,24.0,195,4331
성수2가3동(건물) 공영주차장,노외 주차장,37.54048,127.05601,성동구 성수동2가 299-19,성동구,24.0,24.0,24.0,195,4331
성수문화예술마당 임시 공영주차장,노외 주차장,37.5435,127.03742,성동구 성수동1가 683-0,성동구,24.0,24.0,24.0,0,4331
세우빌딩앞 노상주차장,노상 주차장,37.5267088,126.9238,영등포구 여의도동 10-0,영등포구,10.0,6.0,8.857142857142858,262,4323
세일철강~LG전자연구소,노상 주차장,37.4753253,126.8863954,금천구 가산동 319-15,금천구,11.0,24.0,14.714285714285714,416,2257
세종로 공영주차장,노외 주차장,37.57340269,126.97588429,종로구 세종로 80-1,종로구,24.0,24.0,24.0,280,1896
소금나루도서관 공영주차장,노외 주차장,37.5501812,126.9479037,마포구 염리동 61-4,마포구,24.0,24.0,24.0,361,4083
송정동(건물) 공영주차장,노외 주차장,37.5537482,127.0684835,성동구 송정동 68-57,성동구,24.0,24.0,24.0,87,4331
송파근린공원,노외 주차장,37.50479,127.11369,송파구 송파동 113-2,송파구,24.0,24.0,24.0,58,7851
송파나루공원 동호주차장,노외 주차장,37.5184928,127.1030779,송파구 신천동 32-0,송파구,24.0,24.0,24.0,257,7851
송파동(건축물식),노외 주차장,37.50479,127.11369,송파구 송파동 128-0,송파구,24.0,24.0,24.0,58,7851
송파파크데이 2단지입구앞,노외 주차장,37.49803,127.15167,송파구 마천동 603-0,송파구,24.0,24.0,24.0,41,7851
송화골목 전통시장 고객주차장,노외 주차장,37.5539189,126.8377194,강서구 내발산동 720-4,강서구,11.0,11.0,11.0,139,8009
수락산디자인서울거리,노상 주차장,37.66727,127.07242,노원구 상계동 996-2,노원구,10.0,9.0,9.714285714285714,97,3918
수색동공영주차장,노외 주차장,37.5851873,126.8948584,은평구 수색동 78-2,은평구,24.0,24.0,24.0,202,3656
수서역북 공영주차장,노외 주차장,37.48801285,127.09994995,강남구 수서동 735-0,강남구,24.0,24.0,24.0,87,15468
수송초등학교 공영주차장,노외 주차장,37.62929,127.03684,강북구 번동 456-0,강북구,24.0,24.0,24.0,82,1856
수유2동 공영주차장,노외 주차장,37.6352212,127.0090642,강북구 수유동 660-30,강북구,24.0,24.0,24.0,25,1856
수유동쌈지마당공영주차장,노외 주차장,37.6352212,127.0090642,강북구 수유동 612-6,강북구,24.0,24.0,24.0,25,1856
수유마을시장 공영주차장,노외 주차장,37.6352212,127.0090642,강북구 수유동 55-53,강북구,24.0,24.0,24.0,25,1856
시네마빌딩공영주차장,노외 주차장,37.59742,127.01841,성북구 돈암동 538-59,성북구,24.0,24.0,24.0,410,3533
시민의숲 동측 공영주차장[양재시민의숲역 4호점],노외 주차장,37.46838,127.0361,서초구 양재동 237-0,서초구,24.0,24.0,24.0,98,8665
시범 공영주차장,노외 주차장,37.6352212,127.0090642,강북구 수유동 190-11,강북구,14.0,14.0,14.0,25,1856
시흥1동 공영주차장,노외 주차장,37.4507049,126.9085555,금천구 시흥동 555-3,금천구,9.0,9.0,9.0,56,2257
시흥3동 공영주차장,노외 주차장,37.4507049,126.9085555,금천구 시흥동 942-6,금천구,11.0,11.0,11.0,56,2257
신곡주차장,노외 주차장,37.52782,126.83692,양천구 신월동 549-18,양천구,24.0,24.0,24.0,81,3941
신교공영,노외 주차장,37.58416,126.96723,종로구 신교동 66-0,종로구,24.0,24.0,24.0,18,1896
신구초 공영주차장,노외 주차장,37.5223206,127.0277019,강남구 신사동 550-11,강남구,24.0,24.0,24.0,62,15468
신길환승(5호선),노외 주차장,37.51509,126.91423,영등포구 영등포동1가 35-0,영등포구,24.0,24.0,24.0,83,4323
신당동 공영주차장,노외 주차장,37.5651969,127.01322,중구 신당동 300-6,중구,24.0,24.0,24.0,100,2000
신당사거리 공영주차장,노외 주차장,37.5651969,127.01322,중구 신당동 110-1,중구,24.0,24.0,24.0,100,2000
신당역 공영주차장,노외 주차장,37.5651969,127.01322,중구 신당동 140-29,중구,24.0,24.0,24.0,100,2000
신대방역 공영주차장,노외 주차장,37.48830327,126.91452278,관악구 신림동 498-0,관악구,24.0,24.0,24.0,49,3005
신도림역환승주차장,노외 주차장,37.4945849,126.8845477,구로구 구로동 1-4,구로구,24.0,24.0,24.0,63,3621
신림동공영주차장,노외 주차장,37.4868971,126.928177,관악구 신림동 1456-3,관악구,24.0,24.0,24.0,16,3005
신림동제2공영,노상 주차장,37.4868971,126.928177,관악구 신림동 1472-1,관악구,10.0,10.0,10.0,16,3005
신문로 공영주차장,노외 주차장,37.57017,126.97417,종로구 신문로1가 58-36,종로구,10.0,10.0,10.0,275,1896
신방화역 공영주차장,노외 주차장,37.56706812,126.81757628,강서구 마곡동 739-0,강서구,24.0,24.0,24.0,213,8009
신사동 제1공영주차장,노외 주차장,37.4868971,126.928177,관악구 신림동 511-1,관악구,10.0,7.0,9.142857142857142,16,3005
신설동 공영주차장,노외 주차장,37.57252061,127.02425684,동대문구 신설동 114-29,동대문구,10.0,10.0,10.0,152,3021
신영시장 공동주차장,노외 주차장,37.52782,126.83692,양천구 신월동 114-16,양천구,10.0,10.0,10.0,81,3941
신우주차장,노외 주차장,37.52782,126.83692,양천구 신월동 166-23,양천구,24.0,24.0,24.0,81,3941
신월1동저지복개1구역,노상 주차장,37.52782,126.83692,양천구 신월동 228-1,양천구,10.0,4.0,8.285714285714286,81,3941
신월1동저지복개2구역,노상 주차장,37.52782,126.83692,양천구 신월동 90-1,양천구,10.0,4.0,8.285714285714286,81,3941
신월4동 공영주차장,노외 주차장,37.525643,126.837692,양천구 신월동 411-1,양천구,24.0,24.0,24.0,96,3941
신월5동복개주차장,노상 주차장,37.52782,126.83692,양천구 신월동 53-2,양천구,10.0,4.0,8.285714285714286,81,3941
"신정1,3동 복개",노상 주차장,37.5162407,126.8521196,양천구 신정동 1031-0,양천구,10.0,4.0,8.285714285714286,130,3941
신정4동 로데오길,노상 주차장,37.5162407,126.8521196,양천구 신정동 890-0,양천구,10.0,4.0,8.285714285714286,130,3941
신정4동길,노상 주차장,37.5162407,126.8521196,양천구 신정동 902-0,양천구,10.0,4.0,8.285714285714286,130,3941
신정7동 한사랑교회 주차장,노외 주차장,37.5162407,126.8521196,양천구 신정동 324-11,양천구,10.0,24.0,14.0,130,3941
신정교주차장,노외 주차장,37.5162407,126.8521196,양천구 신정동 871-3,양천구,24.0,24.0,24.0,130,3941
신창공영주차장,노외 주차장,37.53586,126.95441,용산구 신창동 53-1,용산구,24.0,24.0,24.0,270,2674
신천유수지 공영주차장,노외 주차장,37.52231457,127.10290327,송파구 신천동 14-0,송파구,24.0,24.0,24.0,69,7851
신천지,노상 주차장,37.468399,126.8979571,금천구 독산동 152-1,금천구,11.0,24.0,14.714285714285714,120,2257
신촌노상공영주차장,노상 주차장,37.553881,126.937312,마포구 노고산동 49-48,마포구,11.0,11.0,11.0,115,4083
신학대길 노상공영주차장,노상 주차장,37.54208,126.84656,강서구 화곡동 980-19,강서구,10.0,6.0,8.857142857142858,13,8009
신한증권옆,노상 주차장,37.64802,127.07678,노원구 중계동 366-12,노원구,10.0,9.0,9.714285714285714,225,3918
쌈지 공영주차장,노외 주차장,37.6352212,127.0090642,강북구 수유동 62-4,강북구,24.0,24.0,24.0,25,1856
쌍문2동 2공영주차장,노외 주차장,37.65347,127.02715,도봉구 쌍문동 81-102,도봉구,24.0,24.0,24.0,85,2535
쌍문2동 5공영주차장,노외 주차장,37.65347,127.02715,도봉구 쌍문동 715-2,도봉구,24.0,24.0,24.0,85,2535
아시아공원,노외 주차장,37.5122807,127.0855986,송파구 잠실동 84-0,송파구,24.0,24.0,24.0,208,7851
아카데미 노상공영,노상 주차장,37.6352212,127.0090642,강북구 수유동 535-76,강북구,10.0,6.0,8.857142857142858,25,1856
아톰,노상 주차장,37.4753253,126.8863954,금천구 가산동 345-48,금천구,11.0,24.0,14.714285714285714,416,2257
아현시민 공영주차장,노외 주차장,37.5505624,126.9525116,마포구 아현동 804-3,마포구,24.0,24.0,24.0,374,4083
안말 주차장,노외 주차장,37.52998,127.12875,강동구 성내동 512-0,강동구,24.0,24.0,24.0,59,5653
암사1동 주차장,노외 주차장,37.5582352,127.1308542,강동구 암사동 59-2,강동구,24.0,24.0,24.0,30,5653
압구정 428 공영주차장,노외 주차장,37.5300432,127.0313346,강남구 압구정동 428-0,강남구,12.0,12.0,12.0,30,15468
압구정29길 노상공영 주차장,노상 주차장,37.5300432,127.0313346,강남구 압구정동 453-0,강남구,10.0,24.0,14.0,30,15468
압구정고가1 공영주차장,노상 주차장,37.52607658,127.028388,강남구 신사동 668-0,강남구,13.0,12.0,12.714285714285714,58,15468
압구정고가2 공영주차장,노상 주차장,37.5223206,127.0277019,강남구 신사동 668-0,강남구,11.0,12.0,11.285714285714286,62,15468
압구정로29길,노상 주차장,37.5300432,127.0313346,강남구 압구정동 453-0,강남구,10.0,24.0,14.0,30,15468
양재2동주민센터 공영주차장,노외 주차장,37.46838,127.0361,서초구 양재동 323-1,서초구,14.0,14.0,14.0,98,8665
양재근린공원 공영주차장,노외 주차장,37.46838,127.0361,서초구 양재동 311-0,서초구,24.0,24.0,24.0,98,8665
양재시민의숲(매헌)역 공영주차장,노외 주차장,37.46838,127.0361,서초구 양재동 237-2,서초구,24.0,24.0,24.0,98,8665
양재주차빌딩,노외 주차장,37.46838,127.0361,서초구 양재동 90-2,서초구,24.0,24.0,24.0,98,8665
양천경찰서 노상공영주차장,노상 주차장,37.5162407,126.8521196,양천구 신정동 322-3,양천구,10.0,6.0,8.857142857142858,130,3941
양천공원옆,노상 주차장,37.5162407,126.8521196,양천구 신정동 320-3,양천구,10.0,4.0,8.285714285714286,130,3941
양천구청 노상공영주차장,노상 주차장,37.5162407,126.8521196,양천구 신정동 321-3,양천구,10.0,6.0,8.857142857142858,130,3941
양천사회단체봉사센터,노외 주차장,37.53608,126.87585,양천구 목동 905-29,양천구,10.0,24.0,14.0,96,3941
양천사회단체봉사센터 공영주차장,노외 주차장,37.53608,126.87585,양천구 목동 905-29,양천구,10.0,24.0,14.0,96,3941
양평2동청사 공영,노외 주차장,37.53689,126.89638,영등포구 양평동4가 72-1,영등포구,24.0,24.0,24.0,151,4323
양평동(동) 공영주차장,노상 주차장,37.53906,126.8928,영등포구 양평동5가 44-1,영등포구,10.0,6.0,8.857142857142858,183,4323
양평유수지 공영주차장,노외 주차장,37.5282501,126.8914746,영등포구 양평동3가 57-3,영등포구,24.0,24.0,24.0,196,4323
양화진 공영주차장,노외 주차장,37.5477846,126.9095636,마포구 합정동 139-21,마포구,24.0,24.0,24.0,79,4083
어울림 공영주차장,노외 주차장,37.5162407,126.8521196,양천구 신정동 318-2,양천구,10.0,10.0,10.0,130,3941
어울림소공원 공영주차장,노외 주차장,37.628995,127.0257543,강북구 미아동 4-1,강북구,24.0,24.0,24.0,38,1856
어울림주차장,노외 주차장,37.5162407,126.8521196,양천구 신정동 318-2,양천구,10.0,10.0,10.0,130,3941
언구비 공영주차장,노외 주차장,37.50312,127.0014,서초구 반포동 741-3,서초구,24.0,24.0,24.0,412,8665
언북초교 공영주차장,노외 주차장,37.5257535,127.0523217,강남구 청담동 27-0,강남구,24.0,24.0,24.0,393,15468
언주로171길,노상 주차장,37.5223206,127.0277019,강남구 신사동 668-11,강남구,10.0,24.0,14.0,62,15468
언주초 공영주차장,노외 주차장,37.4878395,127.0438569,강남구 도곡동 922-0,강남구,24.0,24.0,24.0,126,15468
엔젤데이케이센터 지하주차장,노외 주차장,37.4856963,126.9723525,동작구 사당동 278-34,동작구,24.0,24.0,24.0,93,2867
여울 공영주차장,노외 주차장,37.52782,126.83692,양천구 신월동 151-5,양천구,24.0,24.0,24.0,81,3941
여의도공원 공영주차장,노상 주차장,37.5226,126.91685,영등포구 여의도동 2-11,영등포구,10.0,6.0,8.857142857142858,70,4323
여의도공원앞1 노상주차장,노상 주차장,37.5267088,126.9238,영등포구 여의도동 2-11,영등포구,10.0,6.0,8.857142857142858,262,4323
여의도공원앞2 노상주차장,노상 주차장,37.5267088,126.9238,영등포구 여의도동 2-11,영등포구,10.0,6.0,8.857142857142858,262,4323
여의도공원앞3 노상주차장,노상 주차장,37.5267088,126.9238,영등포구 여의도동 2-11,영등포구,10.0,6.0,8.857142857142858,262,4323
여의도백화점 앞 노상주차장,노상 주차장,37.5267088,126.9238,영등포구 여의도동 3-5,영등포구,10.0,6.0,8.857142857142858,262,4323
여의서로 공영주차장,노상 주차장,37.5267088,126.9238,영등포구 여의도동 8-1,영등포구,10.0,6.0,8.857142857142858,262,4323
역말 공영주차장,노외 주차장,37.6049941,126.9148856,은평구 역촌동 12-42,은평구,24.0,24.0,24.0,9,3656
역삼1문화센터 공영주차장,노외 주차장,37.49988,127.03856,강남구 역삼동 829-20,강남구,24.0,24.0,24.0,242,15468
역삼문화공원 공영주차장,노외 주차장,37.49988,127.03856,강남구 역삼동 635-0,강남구,24.0,24.0,24.0,242,15468
역삼문화공원제1호공영주차장,노외 주차장,37.49988,127.03856,강남구 역삼동 635-1,강남구,24.0,24.0,24.0,242,15468
연광초교 지하 공영주차장,노외 주차장,37.6160647,126.9339579,은평구 불광동 400-6,은평구,24.0,24.0,24.0,87,3656
연광초교지하공동주차장,노외 주차장,37.6160647,126.9339579,은평구 불광동 400-6,은평구,24.0,24.0,24.0,87,3656
연남 유료 주차장,노상 주차장,37.5626596,126.9226107,마포구 연남동 228-20,마포구,11.0,11.0,11.0,21,4083
연남노상공영주차장,노상 주차장,37.5626596,126.9226107,마포구 연남동 224-36,마포구,13.0,13.0,13.0,21,4083
연남동 공영주차장,노외 주차장,37.5626596,126.9226107,마포구 연남동 361-9,마포구,24.0,24.0,24.0,21,4083
연신중학교지하 공영주차장,노외 주차장,37.6160647,126.9339579,은평구 불광동 400-4,은평구,24.0,24.0,24.0,87,3656
연신중학교지하공동주차장,노외 주차장,37.6160647,126.9339579,은평구 불광동 400-4,은평구,24.0,24.0,24.0,87,3656
연희사러가쇼핑센터앞,노상 주차장,37.57234,126.93084,서대문구 연희동 130-12,서대문구,10.0,6.0,8.857142857142858,21,2799
염리 공영주차장,노외 주차장,37.54914,126.94915,마포구 염리동 174-3,마포구,24.0,24.0,24.0,313,4083
영남 공영주차장,노외 주차장,37.51947074,126.90260898,영등포구 영등포동4가 123-0,영등포구,24.0,24.0,24.0,174,4323
영동6교밑 공영주차장,노상 주차장,37.494468795,127.071070055,강남구 대치동 512-1,강남구,10.0,8.0,9.428571428571429,47,15468
영동대로106길,노상 주차장,37.5147838,127.0543618,강남구 삼성동 172-21,강남구,10.0,24.0,14.0,85,15468
영동대로86길노상,노상 주차장,37.49882,127.06566,강남구 대치동 1012-8,강남구,10.0,24.0,14.0,105,15468
영동대로96길,노상 주차장,37.5147838,127.0543618,강남구 삼성동 172-41,강남구,10.0,24.0,14.0,85,15468
영등포구청,노상 주차장,37.52616,126.89724,영등포구 당산동3가 397-1,영등포구,9.0,24.0,13.285714285714286,258,4323
영등포구청별관 공영주차장,노외 주차장,37.52616,126.89724,영등포구 당산동3가 560-0,영등포구,23.0,23.0,23.0,258,4323
영등포구청역 공영주차장,노외 주차장,37.52432737,126.89548892,영등포구 당산동3가 370-3,영등포구,24.0,24.0,24.0,238,4323
영등포구청환승주차장,노외 주차장,37.52616,126.89724,영등포구 당산동3가 370-4,영등포구,24.0,24.0,24.0,258,4323
영등포동제1공영(전통시장),노외 주차장,37.52125,126.91222,영등포구 영등포동2가 230-0,영등포구,13.0,24.0,16.142857142857142,54,4323
영등포동제2공영,노외 주차장,37.5239764,126.9065622,영등포구 영등포동7가 29-122,영등포구,24.0,24.0,24.0,192,4323
영등포동제3공영,노외 주차장,37.51777,126.90368,영등포구 영등포동4가 442-0,영등포구,24.0,24.0,24.0,135,4323
영등포로터리,노상 주차장,37.51509,126.91423,영등포구 영등포동1가 97-4,영등포구,10.0,6.0,8.857142857142858,83,4323
영등포로터리 공영주차장,노상 주차장,37.51509,126.91423,영등포구 영등포동1가 111-1,영등포구,10.0,6.0,8.857142857142858,83,4323
영등포본동제1공영,노외 주차장,37.5222786,126.9078574,영등포구 영등포동 592-10,영등포구,24.0,24.0,24.0,112,4323
영등포전통시장 공영주차장,노외 주차장,37.52125,126.91222,영등포구 영등포동2가 466-0,영등포구,24.0,24.0,24.0,54,4323
영등포중앙시장 노상주차장,노상 주차장,37.5259675,126.9049108,영등포구 영등포동7가 5-1,영등포구,10.0,6.0,8.857142857142858,295,4323
영희초교 공영주차장,노외 주차장,37.48754,127.08705,강남구 일원동 617-0,강남구,24.0,24.0,24.0,119,15468
오류1동 텃골주차장,노외 주차장,37.4910095,126.8377379,구로구 오류동 6-11,구로구,24.0,24.0,24.0,115,3621
오패산공영주차장,노외 주차장,37.628995,127.0257543,강북구 미아동 133-100,강북구,24.0,24.0,24.0,38,1856
옥수역 공영주차장,노상 주차장,37.54226979,127.01695354,성동구 옥수동 401-1,성동구,10.0,6.0,8.857142857142858,304,4331
옥수유수지(평면) 공영주차장,노외 주차장,37.54176,127.01648,성동구 옥수동 77-3,성동구,24.0,24.0,24.0,299,4331
온수역(남) 공영주차장,노상 주차장,37.49185054,126.8241372,구로구 온수동 51-26,구로구,10.0,6.0,8.857142857142858,35,3621
온조대왕 문화체육관옆,노외 주차장,37.56528,127.15761,강동구 고덕동 300-0,강동구,9.0,9.0,9.0,74,5653
외대역주차빌딩 공영,노외 주차장,37.60021,127.06124,동대문구 이문동 306-14,동대문구,24.0,24.0,24.0,119,3021
요업기술원-LG전자뒤,노상 주차장,37.4753253,126.8863954,금천구 가산동 237-101,금천구,11.0,24.0,14.714285714285714,416,2257
용답 어울림 공영주차장,노외 주차장,37.5613328,127.0580146,성동구 용답동 53-5,성동구,24.0,24.0,24.0,47,4331
용답동(건물) 공영주차장,노외 주차장,37.5613328,127.0580146,성동구 용답동 4-1,성동구,24.0,24.0,24.0,47,4331
용답제2(평면) 공영주차장,노외 주차장,37.5613328,127.0580146,성동구 용답동 182-10,성동구,24.0,24.0,24.0,47,4331
용마폭포공원공영주차장,노외 주차장,37.5804084,127.0878903,중랑구 면목동 1-4,중랑구,18.0,18.0,18.0,131,3158
용문동 공영주차장,노외 주차장,37.53857,126.95576,용산구 도원동 4-5,용산구,24.0,24.0,24.0,301,2674
용산2가소월주차장,노외 주차장,37.54305,126.98558,용산구 용산동2가 11-0,용산구,24.0,24.0,24.0,24,2674
용산구 이태원동 258-29,노외 주차장,37.53842,126.992,용산구 이태원동 258-29,용산구,15.0,15.0,15.0,54,2674
용산구 한강로1가 236-5,노외 주차장,37.53517,126.97404,용산구 한강로1가 236-5,용산구,11.0,7.0,9.857142857142858,172,2674
용산구 한강로2가 148-4,노외 주차장,37.53142,126.9685,용산구 한강로2가 148-4,용산구,24.0,24.0,24.0,229,2674
용산구 한강로2가 2-28,노외 주차장,37.53142,126.9685,용산구 한강로2가 2-28,용산구,10.0,6.0,8.857142857142858,229,2674
용산구 한강로2가 2-39,노외 주차장,37.53142,126.9685,용산구 한강로2가 2-39,용산구,24.0,24.0,24.0,229,2674
용산동2가동 기계식 공영주차장,노외 주차장,37.54305,126.98558,용산구 용산동2가 47-2,용산구,24.0,24.0,24.0,24,2674
용산전자상가 4,노외 주차장,37.53427,126.9578,용산구 원효로3가 51-5,용산구,14.0,14.0,14.0,55,2674
용산전자상가2,노외 주차장,37.52754,126.96297,용산구 한강로3가 14-1,용산구,13.5,13.5,13.5,367,2674
용산전자상가3,노외 주차장,37.52754,126.96297,용산구 한강로3가 19-2,용산구,14.0,14.0,14.0,367,2674
용산전자상가4,노외 주차장,37.53427,126.9578,용산구 원효로3가 51-5,용산구,14.0,14.0,14.0,55,2674
용산주차빌딩,노외 주차장,37.53142,126.9685,용산구 한강로2가 12-9,용산구,24.0,24.0,24.0,229,2674
용산주차빌딩 공영주차장,노외 주차장,37.53436379,126.96541818,용산구 한강로2가 12-9,용산구,24.0,24.0,24.0,283,2674
우리공영주차장,노외 주차장,37.53608,126.87585,양천구 목동 907-8,양천구,10.0,10.0,10.0,96,3941
우리은행,노상 주차장,37.4753253,126.8863954,금천구 가산동 140-41,금천구,11.0,8.0,10.142857142857142,416,2257
우이동 공영주차장,노외 주차장,37.6575291,127.0089505,강북구 우이동 105-2,강북구,24.0,24.0,24.0,14,1856
웃우물 공영주차장,노외 주차장,37.52379759,126.85141746,양천구 신정동 943-25,양천구,24.0,24.0,24.0,67,3941
웅진코웨이~sk트윈타워,노상 주차장,37.4753253,126.8863954,금천구 가산동 345-2,금천구,11.0,24.0,14.714285714285714,416,2257
원묵 고등학교 공용 지하주차장,노외 주차장,37.61083,127.08109,중랑구 묵동 23-0,중랑구,24.0,24.0,24.0,59,3158
원서공원 앞,노상 주차장,37.581572,126.9922844,종로구 와룡동 206-0,종로구,10.0,10.0,10.0,6,1896
원신공영주차장,노외 주차장,37.4868971,126.928177,관악구 신림동 366-0,관악구,24.0,24.0,24.0,16,3005
원효대교 남단 공영주차장,노상 주차장,37.52234322,126.93684128,영등포구 여의도동 5-0,영등포구,24.0,24.0,24.0,77,4323
유경백화점뒤,노상 주차장,37.64802,127.07678,노원구 중계동 364-16,노원구,10.0,9.0,9.714285714285714,225,3918
유료주차장,노외 주차장,37.54048,127.05601,성동구 성수동2가 273-15,성동구,24.0,24.0,24.0,195,4331
유수지복개(양평)주차장,노외 주차장,37.5282501,126.8914746,영등포구 양평동3가 57-3,영등포구,24.0,24.0,24.0,196,4323
유진상가앞,노상 주차장,37.5871,126.94676,서대문구 홍제동 294-1,서대문구,9.0,5.0,7.857142857142857,139,2799
은마아파트,노상 주차장,37.49882,127.06566,강남구 대치동 316-0,강남구,10.0,24.0,14.0,105,15468
은평평화공원,노외 주차장,37.6040879,126.9317233,은평구 녹번동 153-1,은평구,24.0,24.0,24.0,305,3656
은평한문화공영주차장,노외 주차장,37.6421169,126.9354305,은평구 진관동 125-12,은평구,24.0,24.0,24.0,43,3656
은행나무공영주차장,노외 주차장,37.58178,127.09034,중랑구 면목동 107-5,중랑구,24.0,24.0,24.0,105,3158
을지로 공영주차장,노상 주차장,37.56664646,126.99696895,중구 을지로3가 282-8,중구,10.0,6.0,8.857142857142858,48,2000
응봉역공영주차장,노외 주차장,37.55236,127.03356,성동구 응봉동 3-11,성동구,24.0,24.0,24.0,344,4331
응암3동 공동주차장,노외 주차장,37.59418,126.92555,은평구 응암동 580-4,은평구,24.0,24.0,24.0,278,3656
이수 공영주차장,노외 주차장,37.4798789,126.9939103,서초구 방배동 761-3,서초구,24.0,24.0,24.0,42,8665
이수공영주차장,노외 주차장,37.4798789,126.9939103,서초구 방배동 761-3,서초구,24.0,24.0,24.0,42,8665
이태원2동 공영주차장,노외 주차장,37.53842,126.992,용산구 이태원동 227-9,용산구,24.0,24.0,24.0,54,2674
이화공영,노외 주차장,37.57663,127.00515,종로구 이화동 13-2,종로구,24.0,24.0,24.0,62,1896
인수동공영주차장,노외 주차장,37.6352212,127.0090642,강북구 수유동 126-0,강북구,24.0,24.0,24.0,25,1856
일원1동(기계식),노외 주차장,37.48754,127.08705,강남구 일원동 684-8,강남구,17.0,24.0,19.0,119,15468
일원동맛의거리,노상 주차장,37.48754,127.08705,강남구 일원동 709-9,강남구,10.0,24.0,14.0,119,15468
일원역 공영주차장,노외 주차장,37.48468629,127.08408987,강남구 일원동 716-2,강남구,10.0,6.0,8.857142857142858,153,15468
일원터널 공영주차장,노외 주차장,37.48285728,127.07937197,강남구 일원동 722-1,강남구,24.0,24.0,24.0,59,15468
자양4동 공영주차장,노외 주차장,37.5329735,127.0727409,광진구 자양동 5-5,광진구,24.0,24.0,24.0,273,2445
자양유수지 공영주차장,노외 주차장,37.5329735,127.0727409,광진구 자양동 594-0,광진구,24.0,24.0,24.0,273,2445
자양전통시장 공영주차장,노외 주차장,37.5329735,127.0727409,광진구 자양동 631-18,광진구,11.0,11.0,11.0,273,2445
잠실역 공영주차장,노외 주차장,37.51427683,127.10341414,송파구 신천동 27-0,송파구,24.0,24.0,24.0,410,7851
잠원동방음언덕형공영주차장,노외 주차장,37.5182544,127.0124028,서초구 잠원동 10-33,서초구,24.0,24.0,24.0,191,8665
장안1동 공영주차장,노외 주차장,37.56941,127.066994,동대문구 장안동 392-3,동대문구,24.0,24.0,24.0,126,3021
장안1동(군자유치원) 노외주차장,노외 주차장,37.57105,127.06806,동대문구 장안동 403-13,동대문구,10.0,6.0,8.857142857142858,104,3021
장안2동 공영주차장,노외 주차장,37.5782752,127.07061896,동대문구 장안동 286-9,동대문구,24.0,24.0,24.0,168,3021
장안공원지하주차장,노외 주차장,37.57105,127.06806,동대문구 장안동 300-0,동대문구,17.0,17.0,17.0,104,3021
장영당길 공영주차장(구3동),노외 주차장,37.57002,127.05467,동대문구 답십리동 484-7,동대문구,10.0,10.0,10.0,193,3021
장위1동동방고개공영주차장,노외 주차장,37.6162,127.05086,성북구 장위동 230-110,성북구,24.0,24.0,24.0,95,3533
장위전통시장 공영주차장,노외 주차장,37.6162,127.05086,성북구 장위동 68-130,성북구,24.0,24.0,24.0,95,3533
장지동공영(체비지),노외 주차장,37.48434,127.12246,송파구 문정동 2-6,송파구,15.0,15.0,15.0,376,7851
장충 공영주차장,노외 주차장,37.5541467,127.0002445,중구 장충동2가 193-39,중구,24.0,24.0,24.0,31,2000
전통시장주차장(영등포동제1),노외 주차장,37.52125,126.91222,영등포구 영등포동2가 230-0,영등포구,24.0,24.0,24.0,54,4323
정릉시장,노외 주차장,37.61654,126.99794,성북구 정릉동 405-4,성북구,24.0,24.0,24.0,53,3533
정릉시장공영주차장,노외 주차장,37.61654,126.99794,성북구 정릉동 405-4,성북구,24.0,24.0,24.0,53,3533
정릉천복개 공영주차장,노외 주차장,37.58465,127.03678,동대문구 제기동 271-50,동대문구,10.0,6.0,8.857142857142858,55,3021
제방도로 공영주차장,노상 주차장,37.4945849,126.8845477,구로구 구로동 69-5,구로구,10.0,6.0,8.857142857142858,63,3621
조원동 제1공영주차장,노외 주차장,37.4868971,126.928177,관악구 신림동 571-6,관악구,24.0,24.0,24.0,16,3005
조원동제2공영,노상 주차장,37.4868971,126.928177,관악구 신림동 1675-7,관악구,10.0,7.0,9.142857142857142,16,3005
종각,노상 주차장,37.5687846,126.9857059,종로구 관철동 45-9,종로구,12.0,9.0,11.142857142857142,270,1896
종묘주차장 공영주차장,노외 주차장,37.57150398,126.99496888,종로구 훈정동 2-0,종로구,24.0,24.0,24.0,47,1896
주공12단지상가뒤,노상 주차장,37.66727,127.07242,노원구 상계동 647-1,노원구,10.0,9.0,9.714285714285714,97,3918
주공5단지옆,노상 주차장,37.64802,127.07678,노원구 중계동 359-16,노원구,10.0,9.0,9.714285714285714,225,3918
주공6단지상가주변,노상 주차장,37.66727,127.07242,노원구 상계동 723-2,노원구,10.0,9.0,9.714285714285714,97,3918
주공7단지옆,노상 주차장,37.66727,127.07242,노원구 상계동 693-5,노원구,10.0,9.0,9.714285714285714,97,3918
주양쇼핑앞 노상주차장,노상 주차장,37.54841,127.15158,강동구 명일동 51-1,강동구,9.0,24.0,13.285714285714286,62,5653
주양쇼핑옆 노상주차장,노상 주차장,37.54841,127.15158,강동구 명일동 47-21,강동구,9.0,24.0,13.285714285714286,62,5653
중계4동 임시공영주차장,노외 주차장,37.64802,127.07678,노원구 중계동 606-2,노원구,9.0,8.0,8.714285714285714,225,3918
중계근린공원공영주차장,노외 주차장,37.64802,127.07678,노원구 중계동 507-0,노원구,11.0,12.0,11.285714285714286,225,3918
중곡3동공영주차장,노외 주차장,37.56286,127.08921,광진구 중곡동 195-1,광진구,24.0,24.0,24.0,29,2445
중곡시장주차장,노외 주차장,37.56286,127.08921,광진구 중곡동 221-6,광진구,10.0,10.0,10.0,29,2445
중곡초교,노외 주차장,37.58178,127.09034,중랑구 면목동 380-0,중랑구,24.0,24.0,24.0,105,3158
중구구민회관 부설,노외 주차장,37.56719,127.00646,중구 을지로6가 18-14,중구,24.0,24.0,24.0,126,2000
중구종합복지센터 공영주차장,노외 주차장,37.5651969,127.01322,중구 신당동 160-2,중구,12.0,8.0,10.857142857142858,100,2000
중림종합복지센터 부설주차장),노외 주차장,37.5567609,126.9663037,중구 중림동 155-1,중구,24.0,24.0,24.0,333,2000
중마루공원앞,노상 주차장,37.52125,126.91222,영등포구 영등포동2가 53-0,영등포구,10.0,6.0,8.857142857142858,54,4323
중마루공원앞 노상주차장,노상 주차장,37.52125,126.91222,영등포구 영등포동2가 222-0,영등포구,10.0,6.0,8.857142857142858,54,4323
중산공영주차장,노외 주차장,37.57002,127.05467,동대문구 답십리동 23-3,동대문구,10.0,10.0,10.0,193,3021
중앙로공영주차빌딩,노외 주차장,37.4798789,126.9939103,서초구 방배동 977-17,서초구,24.0,24.0,24.0,42,8665
중화1동공영주차장,노외 주차장,37.59755,127.07783,중랑구 중화동 29-2,중랑구,24.0,24.0,24.0,111,3158
진주아파트 옆 노상주차장,노상 주차장,37.5267088,126.9238,영등포구 여의도동 54-4,영등포구,10.0,6.0,8.857142857142858,262,4323
진흥로 공영주차장,노상 주차장,37.60134935,126.92020205,은평구 역촌동 41-8,은평구,9.0,24.0,13.285714285714286,43,3656
창1동 1공영주차장,노외 주차장,37.64643,127.04326,도봉구 창동 657-37,도봉구,9.0,9.0,9.0,38,2535
창2동 4공영주차장,노외 주차장,37.64643,127.04326,도봉구 창동 582-22,도봉구,9.0,9.0,9.0,38,2535
창2동4공영주차장,노외 주차장,37.64643,127.04326,도봉구 창동 582-22,도봉구,9.0,9.0,9.0,38,2535
창3동 1공영주차장,노외 주차장,37.64643,127.04326,도봉구 창동 504-21,도봉구,9.0,9.0,9.0,38,2535
창동역 구청별관주차장,노상 주차장,37.64643,127.04326,도봉구 창동 5-1,도봉구,10.0,10.0,10.0,38,2535
창동역(서) 공영주차장,노외 주차장,37.65237042,127.04567683,도봉구 창동 330-0,도봉구,24.0,24.0,24.0,209,2535
창신1동공영주차장(창일공영),노외 주차장,37.57595,127.01313,종로구 창신동 82-0,종로구,9.0,9.0,9.0,58,1896
창천중교 공영주차장,노외 주차장,37.553881,126.937312,마포구 노고산동 33-1,마포구,24.0,24.0,24.0,115,4083
천마 공영주차장,노외 주차장,37.49803,127.15167,송파구 마천동 1-5,송파구,24.0,24.0,24.0,41,7851
천마(건축물식),노외 주차장,37.49803,127.15167,송파구 마천동 1-5,송파구,24.0,24.0,24.0,41,7851
천왕역 공영주차장,노외 주차장,37.48728845,126.83918316,구로구 오류동 174-10,구로구,24.0,24.0,24.0,132,3621
천호1동 주차장,노외 주차장,37.54294,127.12733,강동구 천호동 87-26,강동구,24.0,24.0,24.0,97,5653
천호2동노외주차장,노외 주차장,37.54294,127.12733,강동구 천호동 457-7,강동구,11.0,11.0,11.0,97,5653
천호2동제2,노상 주차장,37.54294,127.12733,강동구 천호동 431-2,강동구,11.0,11.0,11.0,97,5653
천호3동 제2공영주차장,노외 주차장,37.54294,127.12733,강동구 천호동 174-1,강동구,24.0,24.0,24.0,97,5653
천호3동 주차장,노외 주차장,37.54294,127.12733,강동구 천호동 167-195,강동구,24.0,24.0,24.0,97,5653
천호3동제2 주차장,노외 주차장,37.54294,127.12733,강동구 천호동 174-1,강동구,24.0,24.0,24.0,97,5653
천호역 공영주차장,노외 주차장,37.53849749,127.12512853,강동구 천호동 455-0,강동구,24.0,24.0,24.0,161,5653
천호유수지 주차장,노외 주차장,37.54294,127.12733,강동구 천호동 329-0,강동구,24.0,24.0,24.0,97,5653
청계5가 공영주차장,노상 주차장,37.569558765,127.008434745,중구 을지로6가 17-442 0,중구,10.0,6.0,8.857142857142858,124,2000
청계7가 공영주차장,노상 주차장,37.57167001,127.01971298,종로구 창신동 436-87,종로구,10.0,6.0,8.857142857142858,146,1896
청계산 청룡주차장,노외 주차장,37.44505,127.05985,서초구 신원동 224-3,서초구,24.0,14.0,21.142857142857142,14,8665
청계주차장,노외 주차장,37.57616,127.03476,동대문구 용두동 129-4,동대문구,24.0,24.0,24.0,123,3021
청구 공영주차장,노외 주차장,37.5651969,127.01322,중구 신당동 330-17,중구,24.0,24.0,24.0,100,2000
청구건영아파트옆,노상 주차장,37.64802,127.07678,노원구 중계동 360-4,노원구,10.0,9.0,9.714285714285714,225,3918
청기와 유료 주차장,노상 주차장,37.5550711,126.9238244,마포구 서교동 479-4,마포구,10.0,24.0,14.0,55,4083
청기와노상공영주차장,노상 주차장,37.5550711,126.9238244,마포구 서교동 458-12,마포구,10.0,24.0,14.0,55,4083
청량리동 노외주차장,노외 주차장,37.5882073,127.0462518,동대문구 청량리동 51-4,동대문구,10.0,10.0,10.0,80,3021
청파동1마을공원공영주차장,노외 주차장,37.5430014,126.9666002,용산구 청파동3가 118-102,용산구,24.0,24.0,24.0,62,2674
청파동청사,노외 주차장,37.54655,126.96675,용산구 청파동2가 91-1,용산구,24.0,24.0,24.0,38,2674
초동 공영주차장,노외 주차장,37.56431,126.99195,중구 초동 64-11,중구,16.0,10.5,14.428571428571429,71,2000
초안산근린공원주차장,노외 주차장,37.64643,127.04326,도봉구 창동 24-0,도봉구,10.0,10.0,10.0,38,2535
초안산꽃동산공영주차장,노외 주차장,37.64643,127.04326,도봉구 창동 441-5,도봉구,10.0,10.0,10.0,38,2535
충현동 제1공영주차장,노외 주차장,37.56423,126.96346,서대문구 충정로2가 78-13,서대문구,12.0,12.0,12.0,167,2799
큰마을길,노상 주차장,37.628995,127.0257543,강북구 미아동 309-14,강북구,10.0,6.0,8.857142857142858,38,1856
탄천,노외 주차장,37.5122807,127.0855986,송파구 잠실동 1082-1,송파구,24.0,24.0,24.0,208,7851
탄천제2호 공영주차장,노외 주차장,37.48754,127.08705,강남구 일원동 4-49,강남구,24.0,24.0,24.0,119,15468
태양빌딩앞 노상주차장,노상 주차장,37.5267088,126.9238,영등포구 여의도동 4-4,영등포구,10.0,6.0,8.857142857142858,262,4323
태화관,노상 주차장,37.5716543,126.9864242,종로구 인사동 194-27,종로구,12.0,8.0,10.857142857142858,180,1896
테헤란로26길,노상 주차장,37.49988,127.03856,강남구 역삼동 803-8,강남구,10.0,24.0,14.0,242,15468
테헤란로64길,노상 주차장,37.49882,127.06566,강남구 대치동 1011-19,강남구,10.0,24.0,14.0,105,15468
테헤란로69길 노상공영 주차장,노상 주차장,37.5147838,127.0543618,강남구 삼성동 172-99,강남구,10.0,24.0,14.0,85,15468
파리공원,노상 주차장,37.53608,126.87585,양천구 목동 906-1,양천구,10.0,6.0,8.857142857142858,96,3941
파미에(반포천) 주차장,노외 주차장,37.504517,127.007933,서초구 반포동 118-3,서초구,24.0,24.0,24.0,407,8665
포이초교 공영주차장,노외 주차장,37.48421,127.07006,강남구 개포동 1273-0,강남구,24.0,24.0,24.0,242,15468
풍납1,노외 주차장,37.53387,127.11094,송파구 풍납동 154-0,송파구,24.0,24.0,24.0,34,7851
풍납2,노외 주차장,37.53387,127.11094,송파구 풍납동 175-0,송파구,24.0,24.0,24.0,34,7851
풍납유수지,노외 주차장,37.49672,127.11744,송파구 가락동 387-0,송파구,24.0,24.0,24.0,210,7851
필동 공영주차장,노외 주차장,37.5581985,126.9966383,중구 필동3가 62-12,중구,24.0,24.0,24.0,55,2000
하늘 공영주차장,노외 주차장,37.5162407,126.8521196,양천구 신정동 323-33,양천구,10.0,10.0,10.0,130,3941
하늘공원주차장,노외 주차장,37.4838745,126.8889756,구로구 가리봉동 1-11,구로구,24.0,24.0,24.0,266,3621
하왕십리(건물) 공영주차장,노외 주차장,37.55783,127.03571,성동구 행당동 347-3,성동구,24.0,24.0,24.0,464,4331
학여울 공영주차장,노외 주차장,37.49705092,127.07239543,강남구 대치동 514-1,강남구,24.0,24.0,24.0,48,15468
한강진역 공영주차장,노외 주차장,37.53952176,127.00257963,용산구 한남동 728-27,용산구,24.0,24.0,24.0,62,2674
한국거래소앞 노상주차장,노상 주차장,37.5267088,126.9238,영등포구 여의도동 3-3,영등포구,10.0,6.0,8.857142857142858,262,4323
한국통신,노상 주차장,37.53608,126.87585,양천구 목동 924-1,양천구,10.0,6.0,8.857142857142858,96,3941
한남동 공영주차장,노외 주차장,37.53822,127.0074,용산구 한남동 685-46,용산구,24.0,24.0,24.0,172,2674
한남유수지공영주차장,노외 주차장,37.53822,127.0074,용산구 한남동 522-44,용산구,24.0,24.0,24.0,172,2674
한누리,노외 주차장,37.4856963,126.9723525,동작구 사당동 1046-1,동작구,24.0,24.0,24.0,93,2867
한두공영주차장,노외 주차장,37.53608,126.87585,양천구 목동 610-5,양천구,24.0,24.0,24.0,96,3941
한마음 공영주차장,노외 주차장,37.53608,126.87585,양천구 목동 914-5,양천구,24.0,24.0,24.0,96,3941
한마음주차장,노외 주차장,37.53608,126.87585,양천구 목동 914-5,양천구,24.0,24.0,24.0,96,3941
한문화공영주차장,노외 주차장,37.6421169,126.9354305,은평구 진관동 125-12,은평구,24.0,24.0,24.0,43,3656
한서 공영주차장,노외 주차장,37.54914,126.94915,마포구 염리동 24-170,마포구,16.0,24.0,18.285714285714285,313,4083
한신동성아파트옆,노상 주차장,37.63793,127.07251,노원구 하계동 256-7,노원구,10.0,9.0,9.714285714285714,129,3918
한울주차장,노외 주차장,37.52782,126.83692,양천구 신월동 957-10,양천구,24.0,24.0,24.0,81,3941
한전 뒷길 노상주차장,노상 주차장,37.5162407,126.8521196,양천구 신정동 319-25,양천구,10.0,4.0,8.285714285714286,130,3941
한진해운 앞 노상주차장,노상 주차장,37.5267088,126.9238,영등포구 여의도동 2-3,영등포구,10.0,6.0,8.857142857142858,262,4323
해군본부앞 공영주차장,노상 주차장,37.50434092,126.92099226,영등포구 신길동 812-0,영등포구,10.0,6.0,8.857142857142858,159,4323
해맞이공영주차장,노외 주차장,37.52782,126.83692,양천구 신월동 987-0,양천구,24.0,24.0,24.0,81,3941
행운동제1공영주차장,노외 주차장,37.484665,126.9484961,관악구 봉천동 1677-10,관악구,24.0,24.0,24.0,211,3005
행운동제1공영주차장(舊 봉천6동 까치공영주차장),노외 주차장,37.484665,126.9484961,관악구 봉천동 1677-10,관악구,24.0,24.0,24.0,211,3005
헌릉로745길,노상 주차장,37.4714,127.1113,강남구 율현동 101-10,강남구,10.0,24.0,14.0,29,15468
현대41타워옆 노상공영주차장,노상 주차장,37.53608,126.87585,양천구 목동 917-2,양천구,10.0,10.0,10.0,96,3941
호성빌딩 앞 노상주차장,노상 주차장,37.5267088,126.9238,영등포구 여의도동 4-4,영등포구,10.0,6.0,8.857142857142858,262,4323
홍우빌딩 앞 노상주차장,노상 주차장,37.5267088,126.9238,영등포구 여의도동 4-3,영등포구,10.0,6.0,8.857142857142858,262,4323
홍은 1동 제4 공영 주차장,노외 주차장,37.59296,126.93733,서대문구 홍은동 11-23,서대문구,9.0,9.0,9.0,93,2799
홍은1동 제1공영주차장,노외 주차장,37.59296,126.93733,서대문구 홍은동 9-164,서대문구,12.0,12.0,12.0,93,2799
홍은1동 제4공영주차장,노외 주차장,37.59296,126.93733,서대문구 홍은동 11-23,서대문구,9.0,9.0,9.0,93,2799
홍은2동 제1공영주차장,노외 주차장,37.59296,126.93733,서대문구 홍은동 410-44,서대문구,12.0,12.0,12.0,93,2799
홍은2동 제3공영주차장,노외 주차장,37.59296,126.93733,서대문구 홍은동 265-26,서대문구,12.0,12.0,12.0,93,2799
홍익동(건물) 공영주차장,노외 주차장,37.5660138,127.0327281,성동구 홍익동 252-0,성동구,24.0,24.0,24.0,190,4331
홍제견인보관소,노외 주차장,37.5871,126.94676,서대문구 홍제동 294-84,서대문구,12.0,12.0,12.0,139,2799
화곡 8-1 공영주차장,노외 주차장,37.54208,126.84656,강서구 화곡동 410-60,강서구,24.0,24.0,24.0,13,8009
화곡1-2 공영주차장,노외 주차장,37.54208,126.84656,강서구 화곡동 366-47,강서구,24.0,24.0,24.0,13,8009
화곡1동 달구지길,노상 주차장,37.54208,126.84656,강서구 화곡동 361-1,강서구,10.0,6.0,8.857142857142858,13,8009
화곡2-1 공영주차장,노외 주차장,37.54208,126.84656,강서구 화곡동 167-10,강서구,16.5,24.0,18.642857142857142,13,8009
화곡2동 배다리동길,노상 주차장,37.54208,126.84656,강서구 화곡동 881-14,강서구,10.0,6.0,8.857142857142858,13,8009
화곡4-1 공영주차장,노외 주차장,37.54208,126.84656,강서구 화곡동 809-26,강서구,24.0,24.0,24.0,13,8009
화곡4동 배다리동길,노상 주차장,37.54208,126.84656,강서구 화곡동 842-11,강서구,10.0,6.0,8.857142857142858,13,8009
화곡5-1 공영주차장,노외 주차장,37.54208,126.84656,강서구 화곡동 1030-33,강서구,24.0,24.0,24.0,13,8009
화곡5-2 공영주차장,노외 주차장,37.54208,126.84656,강서구 화곡동 1056-2,강서구,24.0,24.0,24.0,13,8009
화곡5-3 공영주차장,노외 주차장,37.54208,126.84656,강서구 화곡동 1060-18,강서구,24.0,24.0,24.0,13,8009
화곡6-1 공영주차장,노외 주차장,37.54208,126.84656,강서구 화곡동 1103-6,강서구,24.0,24.0,24.0,13,8009
화곡6동 방죽길,노상 주차장,37.54208,126.84656,강서구 화곡동 1112-1,강서구,10.0,6.0,8.857142857142858,13,8009
화곡6동 신학대길,노상 주차장,37.54208,126.84656,강서구 화곡동 980-19,강서구,10.0,6.0,8.857142857142858,13,8009
화곡7-1 공영주차장,노외 주차장,37.54208,126.84656,강서구 화곡동 370-63,강서구,9.0,24.0,13.285714285714286,13,8009
화곡8-1 공영주차장,노외 주차장,37.54208,126.84656,강서구 화곡동 410-60,강서구,24.0,24.0,24.0,13,8009
화곡8-2 공영주차장,노외 주차장,37.54208,126.84656,강서구 화곡동 410-4,강서구,16.5,24.0,18.642857142857142,13,8009
화곡8동 배다리동길,노상 주차장,37.54208,126.84656,강서구 화곡동 890-0,강서구,10.0,6.0,8.857142857142858,13,8009
화곡본-1 공영주차장,노외 주차장,37.54208,126.84656,강서구 화곡동 56-127,강서구,16.5,24.0,18.642857142857142,13,8009
화곡본-2 공영주차장,노외 주차장,37.54208,126.84656,강서구 화곡동 46-127,강서구,16.5,24.0,18.642857142857142,13,8009
화양동 공영,노외 주차장,37.54408,127.06895,광진구 화양동 63-2,광진구,24.0,24.0,24.0,84,2445
화양동공영주차장,노외 주차장,37.54408,127.06895,광진구 화양동 63-2,광진구,24.0,24.0,24.0,84,2445
회기동 공영주차장,노외 주차장,37.59433,127.05178,동대문구 회기동 1-1,동대문구,24.0,24.0,24.0,50,3021
효봉공영주차장,노외 주차장,37.4507049,126.9085555,금천구 시흥동 3-129,금천구,24.0,24.0,24.0,56,2257
효자 공영주차장,노외 주차장,37.58247,126.97168,종로구 효자동 68-1,종로구,24.0,24.0,24.0,18,1896
후암동주차장,노외 주차장,37.55011,126.98028,용산구 후암동 65-4,용산구,24.0,24.0,24.0,10,2674
훈련원공원 공영주차장,노외 주차장,37.56740014,127.00352062,중구 을지로5가 40-3,중구,24.0,24.0,24.0,87,2000
휘경마을 공영주차장,노외 주차장,37.58773,127.06526,동대문구 휘경동 308-32,동대문구,24.0,24.0,24.0,91,3021
휘경유수지,노외 주차장,37.58773,127.06526,동대문구 휘경동 7-18,동대문구,24.0,24.0,24.0,91,3021
휘경유수지 공영주차장,노외 주차장,37.58773,127.06526,동대문구 휘경동 348-0,동대문구,24.0,24.0,24.0,91,3021
흑석빗물펌프장공영주차장,노외 주차장,37.5064393,126.963687,동작구 흑석동 105-0,동작구,24.0,24.0,24.0,166,2867
