pklt_nm,pklt_knd_nm,lat,lot,자치구,운영시간,노외여부,ev_충전기_설치수,ev_200m,ev_등록대수,자체소비_점수,EV충전_점수_norm,축3_자가소비적합성
15-가600구간,노상 주차장,37.54841,127.15158,강동구,24.0,0,0,6,5653,0.6,0.16713585602099262,0.5134271712041985
21-37,노외 주차장,37.5122807,127.0855986,송파구,24.0,1,0,41,7851,1.0,0.35670786967749585,0.8713415739354993
BYC,노상 주차장,37.4753253,126.8863954,금천구,14.714285714285714,0,0,40,2257,0.2694915254237288,0.13355321282114765,0.24230386290321257
KBS별관뒤 노상주차장,노상 주차장,37.5267088,126.9238,영등포구,8.857142857142858,0,0,43,4323,0.061016949152542375,0.22371485784233072,0.09355653089050006
KBS별관옆 노상주차장,노상 주차장,37.5267088,126.9238,영등포구,8.857142857142858,0,0,43,4323,0.061016949152542375,0.22371485784233072,0.09355653089050006
KBS본관 앞 노상주차장,노상 주차장,37.5267088,126.9238,영등포구,8.857142857142858,0,0,43,4323,0.061016949152542375,0.22371485784233072,0.09355653089050006
KBS본관뒤,노상 주차장,37.5267088,126.9238,영등포구,8.857142857142858,0,0,43,4323,0.061016949152542375,0.22371485784233072,0.09355653089050006
LG텔레콤,노상 주차장,37.4753253,126.8863954,금천구,10.142857142857142,0,0,40,2257,0.10677966101694909,0.13355321282114765,0.11213437137778881
MBC방송국뒤 노상주차장,노상 주차장,37.5267088,126.9238,영등포구,8.857142857142858,0,0,43,4323,0.061016949152542375,0.22371485784233072,0.09355653089050006
SJ테크노빌,노상 주차장,37.4753253,126.8863954,금천구,10.142857142857142,0,0,40,2257,0.10677966101694909,0.13355321282114765,0.11213437137778881
舊MBC뒤,노상 주차장,37.5267088,126.9238,영등포구,8.857142857142858,0,0,43,4323,0.061016949152542375,0.22371485784233072,0.09355653089050006
가든예식장 앞 노상주차장,노상 주차장,37.5267088,126.9238,영등포구,8.857142857142858,0,0,43,4323,0.061016949152542375,0.22371485784233072,0.09355653089050006
가락 1공영주차장,노외 주차장,37.49672,127.11744,송파구,24.0,1,10,65,7851,1.0,0.5426034838347421,0.9085206967669485
가락 2공영주차장,노외 주차장,37.49672,127.11744,송파구,24.0,1,10,65,7851,1.0,0.5426034838347421,0.9085206967669485
가로공원 지하 주차장,노외 주차장,37.54208,126.84656,강서구,24.0,1,0,5,8009,1.0,0.2569367229554502,0.8513873445910901
가로공원공영주차장,노외 주차장,37.52782,126.83692,양천구,24.0,1,0,22,3941,1.0,0.14684922633864606,0.8293698452677293
가마산고가밑 공영주차장,노상 주차장,37.492864515,126.882595635,구로구,8.857142857142858,0,0,0,3621,0.061016949152542375,0.06948006282902795,0.0627095718878395
가산동 공영주차장,노외 주차장,37.4753253,126.8863954,금천구,11.0,1,0,40,2257,0.5372881355932204,0.13355321282114765,0.4565411510388059
가산동 금천교 공영주차장,노상 주차장,37.46592765,126.8871008,금천구,8.857142857142858,0,5,86,2257,0.061016949152542375,0.3266035287494322,0.11413426507192036
가산디지털 서측,노외 주차장,37.4753253,126.8863954,금천구,14.714285714285714,1,0,40,2257,0.6694915254237288,0.13355321282114765,0.5623038629032125
가산디지털환승,노상 주차장,37.4753253,126.8863954,금천구,14.714285714285714,0,0,40,2257,0.2694915254237288,0.13355321282114765,0.24230386290321257
가산중뒤,노상 주차장,37.468399,126.8979571,금천구,14.714285714285714,0,0,41,2257,0.2694915254237288,0.1364974042579024,0.24289270119056353
가산중앞,노상 주차장,37.468399,126.8979571,금천구,14.714285714285714,0,0,41,2257,0.2694915254237288,0.1364974042579024,0.24289270119056353
가양3동 공영주차장,노외 주차장,37.56033753,126.85977547,강서구,8.857142857142858,1,2,15,8009,0.4610169491525424,0.3094256412580242,0.43069868757363877
가양3동 황금내공원길,노상 주차장,37.5663502,126.8525524,강서구,8.857142857142858,0,0,17,8009,0.061016949152542375,0.29226702019650724,0.10726696336133536
가양라이품 공영주차장,노외 주차장,37.57155732,126.84165292,강서구,24.0,1,0,30,8009,1.0,0.33054150887431905,0.8661083017748639
가양역 공영주차장,노외 주차장,37.56332959,126.85308175,강서구,13.0,1,3,37,8009,0.6084745762711865,0.3857213548341419,0.5639239319837777
가오리 공영주차장,노외 주차장,37.6352212,127.0090642,강북구,24.0,1,0,0,1856,1.0,0.0,0.8
가오천 노상공영주차장,노상 주차장,37.6352212,127.0090642,강북구,8.857142857142858,0,0,0,1856,0.061016949152542375,0.0,0.048813559322033906
가재울 공영주차장,노외 주차장,37.63793,127.07251,노원구,17.0,1,3,26,3918,0.7508474576271187,0.19229109207031936,0.6391361845157588
간송옛집 공영주차장,노외 주차장,37.66442,127.03333,도봉구,24.0,1,0,2,2535,1.0,0.03261754018847266,0.8065235080376946
갈현1동공영주차장,노외 주차장,37.62058,126.91102,은평구,24.0,1,0,0,3656,1.0,0.07085785444320132,0.8141715708886403
강남구 개포동 1-1,노외 주차장,37.48421,127.07006,강남구,24.0,1,0,3,15468,1.0,0.5446754157996289,0.9089350831599259
강남대로150길,노상 주차장,37.5123018,127.0294935,강남구,14.0,0,0,29,15468,0.24406779661016947,0.6212243931552524,0.31949911591918606
강남세곡체육공원,노외 주차장,37.4708898,127.1033677,강남구,24.0,1,0,2,15468,1.0,0.541731224362874,0.9083462448725749
강남치매지원센터 공영주차장,노외 주차장,37.5147838,127.0543618,강남구,24.0,1,0,3,15468,1.0,0.5446754157996289,0.9089350831599259
강남한티주차장,노외 주차장,37.49988,127.03856,강남구,13.285714285714286,1,0,44,15468,0.6186440677966103,0.6653872647065736,0.627992707178603
강변(건물) 공영주차장,노외 주차장,37.5435,127.03742,성동구,24.0,1,0,0,4331,1.0,0.0974295498594018,0.8194859099718804
강일동 주차장,노외 주차장,37.56723,127.1713,강동구,24.0,1,0,17,5653,1.0,0.19952196182529486,0.839904392365059
개봉1동 노외주차장,노외 주차장,37.4931629,126.851736,구로구,24.0,1,0,0,3621,1.0,0.06948006282902795,0.8138960125658057
개봉1동마을공동주차장,노외 주차장,37.4931629,126.851736,구로구,18.642857142857142,1,0,0,3621,0.8093220338983051,0.06948006282902795,0.6613536396844498
개봉고가 공영주차장,노외 주차장,37.4931629,126.851736,구로구,24.0,1,0,0,3621,1.0,0.06948006282902795,0.8138960125658057
개운산,노외 주차장,37.59631,127.03333,성북구,14.0,1,0,30,3533,0.6440677966101696,0.15434164415889176,0.546122566119914
개운산공영주차장,노외 주차장,37.5887938,127.0300906,성북구,24.0,1,0,50,3533,1.0,0.21322547289398674,0.8426450945787974
개포동공원 공영주차장,노외 주차장,37.48421,127.07006,강남구,24.0,1,0,3,15468,1.0,0.5446754157996289,0.9089350831599259
개화산역 공영주차장,노외 주차장,37.57224302,126.80518976,강서구,24.0,1,8,41,8009,1.0,0.45511563041872705,0.8910231260837455
개화역 공영주차장,노외 주차장,37.57798421,126.79821222,강서구,24.0,1,10,52,8009,1.0,0.5105487401580557,0.9021097480316111
거여동(기계식),노외 주차장,37.48921,127.14667,송파구,24.0,1,0,33,7851,1.0,0.3331543381834578,0.8666308676366916
건영백화점앞,노외 주차장,37.64802,127.07678,노원구,9.428571428571429,1,0,71,3918,0.48135593220338985,0.2902092008217435,0.4431265859270606
견인보관소,노외 주차장,37.58773,127.06526,동대문구,24.0,1,0,6,3021,1.0,0.06352592663515604,0.8127051853270313
견인보관소 노외,노외 주차장,37.4753253,126.8863954,금천구,24.0,1,0,40,2257,1.0,0.13355321282114765,0.8267106425642295
경남 공영주차장,노상 주차장,37.5550711,126.9238244,마포구,10.0,0,0,16,4083,0.10169491525423725,0.13477397512419234,0.10831072722822828
경도상가앞 노상주차장,노상 주차장,37.5267088,126.9238,영등포구,8.857142857142858,0,0,43,4323,0.061016949152542375,0.22371485784233072,0.09355653089050006
경동고,노외 주차장,37.58635,127.01311,성북구,24.0,1,0,10,3533,1.0,0.09545781542379672,0.8190915630847594
경동고 공영주차장,노외 주차장,37.58635,127.01311,성북구,24.0,1,0,10,3533,1.0,0.09545781542379672,0.8190915630847594
경창시장 고객주차장,노외 주차장,37.52782,126.83692,양천구,24.0,1,0,22,3941,1.0,0.14684922633864606,0.8293698452677293
경호빌딩앞 노상주차장,노상 주차장,37.5267088,126.9238,영등포구,8.857142857142858,0,0,43,4323,0.061016949152542375,0.22371485784233072,0.09355653089050006
고분다리 전통시장 공영주차장,노외 주차장,37.54294,127.12733,강동구,24.0,1,0,30,5653,1.0,0.23779645050310663,0.8475592901006214
고분다리전통시장 주차장,노외 주차장,37.54294,127.12733,강동구,24.0,1,0,30,5653,1.0,0.23779645050310663,0.8475592901006214
고척1동마을공동주차장,노외 주차장,37.5032363,126.8588409,구로구,24.0,1,0,31,3621,1.0,0.1607499973684252,0.8321499994736851
고척근린공원지하주차장,노외 주차장,37.5032363,126.8588409,구로구,24.0,1,0,31,3621,1.0,0.1607499973684252,0.8321499994736851
고척리본타운,노외 주차장,37.5032363,126.8588409,구로구,24.0,1,0,31,3621,1.0,0.1607499973684252,0.8321499994736851
고척리본타운주차장,노외 주차장,37.5032363,126.8588409,구로구,24.0,1,0,31,3621,1.0,0.1607499973684252,0.8321499994736851
곰달래 문화복지센터 공영주차장,노외 주차장,37.54208,126.84656,강서구,24.0,1,0,5,8009,1.0,0.2569367229554502,0.8513873445910901
곰달래로5길 노상,노상 주차장,37.52782,126.83692,양천구,8.285714285714286,0,0,22,3941,0.04067796610169494,0.14684922633864606,0.061912218149085166
곰달래주차장,노외 주차장,37.52782,126.83692,양천구,24.0,1,0,22,3941,1.0,0.14684922633864606,0.8293698452677293
공덕1-1 공영주차장,노외 주차장,37.549927,126.9592897,마포구,24.0,1,0,18,4083,1.0,0.14066235799770183,0.8281324715995404
공항2임시,노외 주차장,37.5556799,126.7931257,강서구,24.0,1,0,0,8009,1.0,0.2422157657716765,0.8484431531543354
공항동(송정역),노외 주차장,37.5556799,126.7931257,강서구,24.0,1,0,0,8009,1.0,0.2422157657716765,0.8484431531543354
관악신사시장 공영주차장,노외 주차장,37.4868971,126.928177,관악구,10.0,1,0,0,3005,0.5016949152542373,0.04523093041957684,0.4104021182873052
관악초 공영주차장,노외 주차장,37.484665,126.9484961,관악구,24.0,1,3,4,3005,1.0,0.0915782020691355,0.8183156404138271
관철동 공영주차장,노상 주차장,37.56843983,126.98628105,종로구,10.714285714285714,0,0,50,1896,0.12711864406779658,0.14878419082536423,0.13145175341931012
광장공영주차장,노외 주차장,37.53608,126.87585,양천구,10.0,1,0,3,3941,0.5016949152542373,0.09090958904030579,0.419537850011451
광장주차장,노외 주차장,37.53608,126.87585,양천구,10.0,1,0,3,3941,0.5016949152542373,0.09090958904030579,0.419537850011451
광진광장 공영주차장,노외 주차장,37.5532345,127.071936,광진구,24.0,1,0,7,2445,1.0,0.043795604650086355,0.8087591209300173
광화문빌딩,노상 주차장,37.5716796,126.9739063,종로구,10.857142857142858,0,5,42,1896,0.13220338983050847,0.18284816916889232,0.14233234569818526
교남 공영주차장,노외 주차장,37.57425,126.96215,종로구,24.0,1,0,0,1896,1.0,0.0015746189876266936,0.8003149237975253
교대역동측주차장,노외 주차장,37.48818,127.01751,서초구,14.0,1,0,10,8665,0.6440677966101696,0.2974814315363018,0.574750523595396
교보생명옆 노상주차장,노상 주차장,37.5224036,126.89391,영등포구,8.857142857142858,0,10,47,4323,0.061016949152542375,0.35072664326448194,0.1189588879749303
교육청길 공영주차장,노상 주차장,37.628995,127.0257543,강북구,8.857142857142858,0,0,14,1856,0.061016949152542375,0.04121868011456651,0.05705729534494721
교통공원길,노상 주차장,37.5184928,127.1030779,송파구,12.0,0,0,72,7851,0.17288135593220336,0.4479778042168931,0.2279006455891413
교통공원길(B) 노상공영주차장,노상 주차장,37.5184928,127.1030779,송파구,12.0,0,0,72,7851,0.17288135593220336,0.4479778042168931,0.2279006455891413
교통공원길(C) 노상공영주차장,노상 주차장,37.5184928,127.1030779,송파구,12.0,0,0,72,7851,0.17288135593220336,0.4479778042168931,0.2279006455891413
교통광장 공영주차장,노외 주차장,37.6575291,127.0089505,강북구,24.0,1,0,1,1856,1.0,0.0029441914367547505,0.800588838287351
구로2동 소공원 공영주차장,노외 주차장,37.4945849,126.8845477,구로구,24.0,1,0,0,3621,1.0,0.06948006282902795,0.8138960125658057
구로3동 마을공동주차장,노외 주차장,37.4945849,126.8845477,구로구,12.571428571428571,1,0,0,3621,0.5932203389830508,0.06948006282902795,0.4884722837522463
구로3동마을주차장,노외 주차장,37.4945849,126.8845477,구로구,12.571428571428571,1,0,0,3621,0.5932203389830508,0.06948006282902795,0.4884722837522463
구로4동 마을공동 주차장,노외 주차장,37.4945849,126.8845477,구로구,24.0,1,0,0,3621,1.0,0.06948006282902795,0.8138960125658057
구로5동마을공동주차장,노외 주차장,37.4945849,126.8845477,구로구,24.0,1,0,0,3621,1.0,0.06948006282902795,0.8138960125658057
구로구 개봉동 60-95,노외 주차장,37.4931629,126.851736,구로구,24.0,1,0,0,3621,1.0,0.06948006282902795,0.8138960125658057
구로리공원지하주차장,노외 주차장,37.4945849,126.8845477,구로구,24.0,1,0,0,3621,1.0,0.06948006282902795,0.8138960125658057
구로미래도서관 공영주차장,노외 주차장,37.4945849,126.8845477,구로구,24.0,1,0,0,3621,1.0,0.06948006282902795,0.8138960125658057
구로아트밸리 지하주차장,노외 주차장,37.4945849,126.8845477,구로구,24.0,1,0,0,3621,1.0,0.06948006282902795,0.8138960125658057
구룡 공영주차장,노외 주차장,37.468399,126.8979571,금천구,11.0,1,0,41,2257,0.5372881355932204,0.1364974042579024,0.45712998932615684
구룡공영주차빌딩,노외 주차장,37.46838,127.0361,서초구,24.0,1,0,12,8665,1.0,0.3033698144098113,0.8606739628819623
구룡공원 공영주차장,노외 주차장,37.46838,127.0361,서초구,24.0,1,0,12,8665,1.0,0.3033698144098113,0.8606739628819623
구룡산제1호,노외 주차장,37.48421,127.07006,강남구,7.142857142857143,1,0,3,15468,0.4,0.5446754157996289,0.42893508315992585
구룡산제2호,노외 주차장,37.48421,127.07006,강남구,7.142857142857143,1,0,3,15468,0.4,0.5446754157996289,0.42893508315992585
구름다리주차장,노외 주차장,37.52782,126.83692,양천구,24.0,1,0,22,3941,1.0,0.14684922633864606,0.8293698452677293
구릉공영 주차장,노외 주차장,37.4955756,126.9195788,동작구,24.0,1,0,5,2867,1.0,0.0545194520960385,0.8109038904192077
구릉주차장,노외 주차장,37.4955756,126.9195788,동작구,15.0,1,0,5,2867,0.6796610169491526,0.0545194520960385,0.5546327039785298
구산동 마을공원 지하 공동주차장,노외 주차장,37.6122812,126.9082658,은평구,24.0,1,0,35,3656,1.0,0.1739045547296176,0.8347809109459235
구산동 마을공원 지하공동주차장,노외 주차장,37.6122812,126.9082658,은평구,24.0,1,0,35,3656,1.0,0.1739045547296176,0.8347809109459235
구암길,노상 주차장,37.5498936,126.86025,강서구,8.857142857142858,0,4,9,8009,0.061016949152542375,0.3148074965725221,0.11177505863653833
구의1동 공영주차장,노외 주차장,37.54417,127.09262,광진구,24.0,1,0,12,2445,1.0,0.05851656183386011,0.8117033123667721
구의2동 주택가 공영주차장,노외 주차장,37.54417,127.09262,광진구,24.0,1,0,12,2445,1.0,0.05851656183386011,0.8117033123667721
구의3동 공영주차장,노외 주차장,37.54417,127.09262,광진구,24.0,1,0,12,2445,1.0,0.05851656183386011,0.8117033123667721
구청사주변,노상 주차장,37.66727,127.07242,노원구,14.714285714285714,0,0,1,3918,0.2694915254237288,0.08411580024891092,0.23241638038876522
구청앞,노상 주차장,37.6352212,127.0090642,강북구,8.857142857142858,0,0,0,1856,0.061016949152542375,0.0,0.048813559322033906
구파발역 공영주차장,노외 주차장,37.638209,126.918987,은평구,24.0,1,6,64,3656,1.0,0.3284271182005847,0.865685423640117
국도화학,노상 주차장,37.4753253,126.8863954,금천구,14.714285714285714,0,0,40,2257,0.2694915254237288,0.13355321282114765,0.24230386290321257
국민은행앞 노상주차장,노상 주차장,37.5267088,126.9238,영등포구,8.857142857142858,0,0,43,4323,0.061016949152542375,0.22371485784233072,0.09355653089050006
국민일보사옥앞,노상 주차장,37.5267088,126.9238,영등포구,8.857142857142858,0,0,43,4323,0.061016949152542375,0.22371485784233072,0.09355653089050006
국민일보사옥앞 노상주차장,노상 주차장,37.5267088,126.9238,영등포구,8.857142857142858,0,0,43,4323,0.061016949152542375,0.22371485784233072,0.09355653089050006
금남시장 공영주차장,노외 주차장,37.54998,127.02213,성동구,24.0,1,4,37,4331,1.0,0.2524586408893804,0.8504917281778761
기륭전자,노상 주차장,37.4753253,126.8863954,금천구,14.714285714285714,0,0,40,2257,0.2694915254237288,0.13355321282114765,0.24230386290321257
길음역환승주차장,노외 주차장,37.60444,127.03764,성북구,24.0,1,0,9,3533,1.0,0.09251362398704198,0.8185027247974085
까치공원공영주차장,노외 주차장,37.58178,127.09034,중랑구,24.0,1,0,0,3158,1.0,0.05125384804724895,0.8102507696094499
까치산 전통시장 고객주차장,노외 주차장,37.54208,126.84656,강서구,10.0,1,0,5,8009,0.5016949152542373,0.2569367229554502,0.4527432767944799
깨비시장 고객주차장,노외 주차장,37.53608,126.87585,양천구,24.0,1,0,3,3941,1.0,0.09090958904030579,0.8181819178080612
꿈나무길 노상공영주차장,노상 주차장,37.5498936,126.86025,강서구,8.857142857142858,0,4,9,8009,0.061016949152542375,0.3148074965725221,0.11177505863653833
낙산 공영주차장,노외 주차장,37.57595,127.01313,종로구,24.0,1,0,2,1896,1.0,0.007463001861136196,0.8014926003722272
낙성대 제2공영주차장,노상 주차장,37.484665,126.9484961,관악구,9.142857142857142,0,3,4,3005,0.07118644067796608,0.0915782020691355,0.07526479295619996
낙성대제2공영,노상 주차장,37.484665,126.9484961,관악구,9.142857142857142,0,3,4,3005,0.07118644067796608,0.0915782020691355,0.07526479295619996
난곡스마트 공영주차장,노외 주차장,37.4868971,126.928177,관악구,24.0,1,0,0,3005,1.0,0.04523093041957684,0.8090461860839154
난지중앙로노상공영주차장,노상 주차장,37.5691472,126.8804551,마포구,13.0,0,0,2,4083,0.20847457627118646,0.09355529500962582,0.18549072001887434
남가좌2동 제1공영주차장,노외 주차장,37.57744,126.9179,서대문구,12.0,1,0,171,2799,0.5728813559322034,0.5405783783183618,0.5664207604094351
남가좌2동 제2공영주차장,노외 주차장,37.57744,126.9179,서대문구,12.0,1,0,171,2799,0.5728813559322034,0.5405783783183618,0.5664207604094351
남부골목 전통시장 고객주차장,노외 주차장,37.54208,126.84656,강서구,9.5,1,0,5,8009,0.4838983050847458,0.2569367229554502,0.43850598865888674
남부순환로397길,노상 주차장,37.49882,127.06566,강남구,14.0,0,0,15,15468,0.24406779661016947,0.5800057130406859,0.3112553798962728
남부여성발전센터 공영주차장,노외 주차장,37.462917,126.905718,금천구,24.0,1,5,5,2257,1.0,0.08812402237229747,0.8176248044744595
남부초 공영주차장,노외 주차장,37.4868971,126.928177,관악구,24.0,1,0,0,3005,1.0,0.04523093041957684,0.8090461860839154
남부초등학교(지하주차장),노외 주차장,37.4868971,126.928177,관악구,24.0,1,0,0,3005,1.0,0.04523093041957684,0.8090461860839154
남산동 공영주차장,노외 주차장,37.55841,126.98532,중구,24.0,1,0,1,2000,1.0,0.008612819792210864,0.8017225639584422
남산케이블카 공영주차장,노상 주차장,37.55592104,126.98384264,중구,12.0,0,0,1,2000,0.17288135593220336,0.008612819792210864,0.14002764870420487
남산파출소 공영주차장,노상 주차장,37.55489261,126.98190801,중구,8.857142857142858,0,0,0,2000,0.061016949152542375,0.005668628355456112,0.049947284993125125
남산파출소공영주차장,노외 주차장,37.55689,126.98138,중구,8.857142857142858,1,0,24,2000,0.4610169491525424,0.07632922283757011,0.3840794038895479
남성사계시장공영주차장,노외 주차장,37.4856963,126.9723525,동작구,24.0,1,2,34,2867,1.0,0.16294800769695272,0.8325896015393905
남성역공영주차장,노외 주차장,37.4856963,126.9723525,동작구,24.0,1,2,34,2867,1.0,0.16294800769695272,0.8325896015393905
남현소공원 공영주차장,노외 주차장,37.4715479,126.9764934,관악구,24.0,1,0,8,3005,1.0,0.06878446191361484,0.813756892382723
내곡동 (임시) 공영주차장,노외 주차장,37.44505,127.05985,서초구,24.0,1,0,0,8665,1.0,0.2680395171687543,0.8536079034337509
냉천길 공영주차장,노외 주차장,37.628995,127.0257543,강북구,24.0,1,0,14,1856,1.0,0.04121868011456651,0.8082437360229133
노량진역공영주차장,노외 주차장,37.5110101,126.9414634,동작구,24.0,1,0,5,2867,1.0,0.0545194520960385,0.8109038904192077
노원세무서 앞 공영주차장,노상 주차장,37.64643,127.04326,도봉구,11.0,0,0,2,2535,0.13728813559322034,0.03261754018847266,0.11635401651227081
논현로22길,노외 주차장,37.48421,127.07006,강남구,24.0,1,0,3,15468,1.0,0.5446754157996289,0.9089350831599259
논현로28길 노상공영 주차장,노상 주차장,37.4878395,127.0438569,강남구,14.0,0,0,2,15468,0.24406779661016947,0.541731224362874,0.3036004821607104
논현로32길15 공영주차장,노외 주차장,37.4878395,127.0438569,강남구,24.0,1,0,2,15468,1.0,0.541731224362874,0.9083462448725749
논현초교 공영주차장,노외 주차장,37.5123018,127.0294935,강남구,24.0,1,0,29,15468,1.0,0.6212243931552524,0.9242448786310505
놀이마당,노외 주차장,37.5122807,127.0855986,송파구,24.0,1,0,41,7851,1.0,0.35670786967749585,0.8713415739354993
누리 공영주차장,노외 주차장,37.5162407,126.8521196,양천구,10.0,1,0,26,3941,0.5016949152542373,0.15862599208566505,0.43308113062052284
늘봄주차장,노외 주차장,37.58178,127.09034,중랑구,24.0,1,0,0,3158,1.0,0.05125384804724895,0.8102507696094499
능골주차장,노외 주차장,37.52782,126.83692,양천구,24.0,1,0,22,3941,1.0,0.14684922633864606,0.8293698452677293
능동공영주차장,노외 주차장,37.55444,127.08156,광진구,24.0,1,0,4,2445,1.0,0.0349630303398221,0.8069926060679644
다동공원 제4부지 공영주차장,노외 주차장,37.56749,126.98075,중구,13.857142857142858,1,0,38,2000,0.6389830508474577,0.11754790295213663,0.5346960212683934
다락골주차장,노외 주차장,37.5162407,126.8521196,양천구,24.0,1,0,26,3941,1.0,0.15862599208566505,0.8317251984171331
다목적 공영주차장,노외 주차장,37.468399,126.8979571,금천구,11.0,1,0,41,2257,0.5372881355932204,0.1364974042579024,0.45712998932615684
달마을주차장,노외 주차장,37.53608,126.87585,양천구,24.0,1,0,3,3941,1.0,0.09090958904030579,0.8181819178080612
답십리2동 노외주차장(홍약국옆),노외 주차장,37.57002,127.05467,동대문구,24.0,1,0,0,3021,1.0,0.04586077801462752,0.8091721556029255
당고개위 공영주차장,노상 주차장,37.67044313,127.08058642,노원구,13.0,0,0,1,3918,0.20847457627118646,0.08411580024891092,0.18360282106673137
당곡주차장,노외 주차장,37.52782,126.83692,양천구,24.0,1,0,22,3941,1.0,0.14684922633864606,0.8293698452677293
당산1동공영,노외 주차장,37.52616,126.89724,영등포구,24.0,1,0,20,4323,1.0,0.1559984547969715,0.8311996909593944
당산2동,노외 주차장,37.5346241,126.9065487,영등포구,24.0,1,0,7,4323,1.0,0.11772396611915974,0.823544793223832
당산고가밑 공영주차장,노상 주차장,37.53239477,126.90068662,영등포구,8.857142857142858,0,0,95,4323,0.061016949152542375,0.3768128125535778,0.12417612183274947
당산근린공원 공영,노외 주차장,37.52616,126.89724,영등포구,24.0,1,0,20,4323,1.0,0.1559984547969715,0.8311996909593944
당산노외공영주차장,노외 주차장,37.52625065,126.89945376,영등포구,13.0,1,2,40,4323,0.6084745762711865,0.23792928746709294,0.5343655185103678
당인 유료 주차장,노상 주차장,37.5477846,126.9095636,마포구,14.0,0,0,0,4083,0.24406779661016947,0.08766691213611631,0.21278761971535887
당인노상공영주차장,노상 주차장,37.5477846,126.9095636,마포구,11.0,0,0,0,4083,0.13728813559322034,0.08766691213611631,0.12736389090179953
대림1동공영,노외 주차장,37.4957573,126.899936,영등포구,24.0,1,2,9,4323,1.0,0.14665935292769566,0.8293318705855391
대림2동공영,노외 주차장,37.4957573,126.899936,영등포구,24.0,1,2,9,4323,1.0,0.14665935292769566,0.8293318705855391
대림3동 공영주차장,노외 주차장,37.4957573,126.899936,영등포구,24.0,1,2,9,4323,1.0,0.14665935292769566,0.8293318705855391
대림노외공영주차장,노외 주차장,37.4928472,126.89433148,구로구,10.0,1,2,21,3621,0.5016949152542373,0.15435508693590416,0.4322269495905707
대림역,노상 주차장,37.4957573,126.899936,영등포구,8.857142857142858,0,2,9,4323,0.061016949152542375,0.14665935292769566,0.07814542990757303
대림역 공영주차장,노상 주차장,37.493081185,126.89539544,영등포구,8.857142857142858,0,0,5,4323,0.061016949152542375,0.11183558324565022,0.07118067597116395
대림역2 공영주차장,노상 주차장,37.49583349,126.89369871,구로구,8.857142857142858,0,0,18,3621,0.061016949152542375,0.12247550869061347,0.0733086610601566
대림운동장,노외 주차장,37.4957573,126.899936,영등포구,24.0,1,2,9,4323,1.0,0.14665935292769566,0.8293318705855391
대방생태공영주차장,노외 주차장,37.5067997,126.9291349,동작구,24.0,1,0,2,2867,1.0,0.045686877785774245,0.8091373755571549
대왕초 공영주차장,노외 주차장,37.4708898,127.1033677,강남구,24.0,1,0,2,15468,1.0,0.541731224362874,0.9083462448725749
대지시장길 공영주차장,노외 주차장,37.628995,127.0257543,강북구,24.0,1,0,14,1856,1.0,0.04121868011456651,0.8082437360229133
대청역 공영주차장,노외 주차장,37.48421,127.07006,강남구,24.0,1,0,3,15468,1.0,0.5446754157996289,0.9089350831599259
대치2문화센터 공영주차장,노외 주차장,37.49882,127.06566,강남구,20.571428571428573,1,0,15,15468,0.8779661016949153,0.5800057130406859,0.8183740239640694
대치동507-3,노상 주차장,37.49882,127.06566,강남구,14.0,0,0,15,15468,0.24406779661016947,0.5800057130406859,0.3112553798962728
대치유수지,노상 주차장,37.49882,127.06566,강남구,14.0,0,0,15,15468,0.24406779661016947,0.5800057130406859,0.3112553798962728
대현산배수지 주차장,노외 주차장,37.55286,127.02393,성동구,24.0,1,10,58,4331,1.0,0.3834276728663095,0.8766855345732619
대흥공영주차장,노외 주차장,37.5510043,126.9419496,마포구,24.0,1,0,33,4083,1.0,0.1848252295490231,0.8369650459098047
덕성엔앰피,노상 주차장,37.4753253,126.8863954,금천구,14.714285714285714,0,0,40,2257,0.2694915254237288,0.13355321282114765,0.24230386290321257
덕원주차장,노외 주차장,37.57105,127.06806,동대문구,24.0,1,0,9,3021,1.0,0.07235850094542028,0.8144717001890841
도곡로 327 공영주차장,노외 주차장,37.49988,127.03856,강남구,24.0,1,0,44,15468,1.0,0.6653872647065736,0.9330774529413148
도곡로 421 공영주차장,노외 주차장,37.49882,127.06566,강남구,24.0,1,0,15,15468,1.0,0.5800057130406859,0.9160011426081373
도곡로21길 7 공영주차장,노외 주차장,37.49988,127.03856,강남구,24.0,1,0,44,15468,1.0,0.6653872647065736,0.9330774529413148
도곡초 공영주차장,노외 주차장,37.49882,127.06566,강남구,24.0,1,0,15,15468,1.0,0.5800057130406859,0.9160011426081373
도깨비시장 공영주차장,노외 주차장,37.66442,127.03333,도봉구,13.0,1,0,2,2535,0.6084745762711865,0.03261754018847266,0.4933031690546438
도림고가 노상주차장,노상 주차장,37.51217,126.89799,영등포구,8.857142857142858,0,0,36,4323,0.061016949152542375,0.20310551778504748,0.0894346628790434
도림동 공영주차장,노외 주차장,37.5082619,126.8993866,영등포구,23.0,1,0,8,4323,0.9644067796610171,0.12066815755591447,0.7956590552399966
도봉2동 6공영주차장,노외 주차장,37.6826056,127.0425405,도봉구,24.0,1,0,0,2535,1.0,0.02672915731496316,0.8053458314629927
도봉산 공영주차장,노외 주차장,37.6876442,127.04066026,도봉구,14.0,1,7,22,2535,0.6440677966101696,0.17216588269616023,0.5496874138273677
도봉산역 공영주차장,노외 주차장,37.68972069,127.04483862,도봉구,24.0,1,9,9,2535,1.0,0.15693839795337486,0.831387679590675
도산대로25길 32 공영주차장,노외 주차장,37.5223206,127.0277019,강남구,14.0,1,0,4,15468,0.6440677966101696,0.5476196072363836,0.6247781587354124
도선동(지하) 공영주차장,노외 주차장,37.5660138,127.0327281,성동구,24.0,1,0,37,4331,1.0,0.2063646330193276,0.8412729266038655
독산2동 공영주차장,노외 주차장,37.468399,126.8979571,금천구,13.214285714285714,1,0,41,2257,0.6161016949152542,0.1364974042579024,0.5201808367837839
독산2동 지평식주차장4,노외 주차장,37.4753253,126.8863954,금천구,24.0,1,0,40,2257,1.0,0.13355321282114765,0.8267106425642295
독산3동 공영주차장,노외 주차장,37.468399,126.8979571,금천구,11.0,1,0,41,2257,0.5372881355932204,0.1364974042579024,0.45712998932615684
독산4동 공영주차장,노외 주차장,37.468399,126.8979571,금천구,24.0,1,0,41,2257,1.0,0.1364974042579024,0.8272994808515806
독산동 금천교 공영주차장,노상 주차장,37.46658655,126.88993519,금천구,8.857142857142858,0,0,54,2257,0.061016949152542375,0.17477189293571416,0.08376793790917675
돈화문로 공영주차장,노상 주차장,37.5647315,126.992846,중구,8.857142857142858,0,0,7,2000,0.061016949152542375,0.02627796841273937,0.05406915300458178
동교동 노상공영주차장,노상 주차장,37.5550711,126.9238244,마포구,11.0,0,0,16,4083,0.13728813559322034,0.13477397512419234,0.13678530349941476
동구로 공영주차장,노외 주차장,37.49510602,126.89186155,구로구,24.0,1,2,20,3621,1.0,0.1514108954991494,0.8302821790998299
동국제강 공영주차장,노외 주차장,37.56733736,126.98343453,중구,10.0,1,0,66,2000,0.5016949152542373,0.19998526318126966,0.44135298483964375
동답 공영주차장,노외 주차장,37.57002,127.05467,동대문구,10.0,1,0,0,3021,0.5016949152542373,0.04586077801462752,0.41052808780631533
동대문 공영주차장,노외 주차장,37.56710187,127.01214106,중구,24.0,1,22,35,2000,1.0,0.3622323719271631,0.8724464743854327
동막골,노외 주차장,37.66727,127.07242,노원구,7.571428571428571,1,0,1,3918,0.4152542372881356,0.08411580024891092,0.3490265498802907
동막골 노외공영주차장,노외 주차장,37.66727,127.07242,노원구,14.0,1,0,1,3918,0.6440677966101696,0.08411580024891092,0.5320773973379179
동묘공영,노외 주차장,37.57648,127.01848,종로구,24.0,1,0,4,1896,1.0,0.013351384734645696,0.8026702769469292
동묘공영주차장,노외 주차장,37.57648,127.01848,종로구,13.285714285714286,1,0,4,1896,0.6186440677966103,0.013351384734645696,0.4975855311842174
동문굿모닝탑 앞 노상공영주차장,노상 주차장,37.5162407,126.8521196,양천구,14.0,0,0,26,3941,0.24406779661016947,0.15862599208566505,0.2269794357052686
동방고개,노외 주차장,37.6162,127.05086,성북구,24.0,1,0,0,3533,1.0,0.06601590105624923,0.8132031802112499
동산마을 공영주차장,노외 주차장,37.46838,127.0361,서초구,24.0,1,0,12,8665,1.0,0.3033698144098113,0.8606739628819623
동서울 노외주차장,노외 주차장,37.54417,127.09262,광진구,11.0,1,0,12,2445,0.5372881355932204,0.05851656183386011,0.4415338208413484
동아빌딩앞,노상 주차장,37.5267088,126.9238,영등포구,8.857142857142858,0,0,43,4323,0.061016949152542375,0.22371485784233072,0.09355653089050006
동아빌딩앞 노상주차장,노상 주차장,37.5267088,126.9238,영등포구,8.857142857142858,0,0,43,4323,0.061016949152542375,0.22371485784233072,0.09355653089050006
동우주차장,노외 주차장,37.55783,127.03571,성동구,24.0,1,3,8,4331,1.0,0.15555358725597948,0.8311107174511959
동원시장공영주차장,노외 주차장,37.58178,127.09034,중랑구,24.0,1,0,0,3158,1.0,0.05125384804724895,0.8102507696094499
동작갯마을,노상 주차장,37.5028911,126.9775288,동작구,10.0,0,0,8,2867,0.10169491525423725,0.06335202640630276,0.09402633748465036
동작갯마을 공영주차장,노상 주차장,37.5028911,126.9775288,동작구,10.0,0,0,8,2867,0.10169491525423725,0.06335202640630276,0.09402633748465036
동작구청 부설주차장,노외 주차장,37.5110101,126.9414634,동작구,24.0,1,0,5,2867,1.0,0.0545194520960385,0.8109038904192077
동작대교 공영주차장,노외 주차장,37.518577,126.983287,용산구,14.0,1,2,2,2674,0.6440677966101696,0.061136345105501866,0.5274815063092361
동작대교(위) 공영주차장,노상 주차장,37.50535472,126.9806183,동작구,14.0,0,0,6,2867,0.24406779661016947,0.05746364353279325,0.20674696599469425
동작대교(위) 공영주차장,노상 주차장,37.50535472,126.9806183,동작구,14.0,0,0,6,2867,0.24406779661016947,0.05746364353279325,0.20674696599469425
동작주차공원,노외 주차장,37.5028911,126.9775288,동작구,24.0,1,0,8,2867,1.0,0.06335202640630276,0.8126704052812606
동작주차공원 주차장,노외 주차장,37.5028911,126.9775288,동작구,24.0,1,0,8,2867,1.0,0.06335202640630276,0.8126704052812606
동호대교(남) 공영주차장,노상 주차장,37.53093729,127.024794275,강남구,10.0,0,1,10,15468,0.10169491525423725,0.5768082578244254,0.1967175837682749
동화동 공영주차장,노외 주차장,37.5651969,127.01322,중구,24.0,1,0,11,2000,1.0,0.03805473415975837,0.8076109468319517
둔촌역전통시장,노외 주차장,37.52998,127.12875,강동구,24.0,1,0,8,5653,1.0,0.1730242388945021,0.8346048477789004
둘리뮤지엄 공영주차장,노외 주차장,37.65347,127.02715,도봉구,24.0,1,0,0,2535,1.0,0.02672915731496316,0.8053458314629927
둘리뮤지엄공영주차장,노외 주차장,37.65347,127.02715,도봉구,24.0,1,0,0,2535,1.0,0.02672915731496316,0.8053458314629927
등나무근린공원,노외 주차장,37.64802,127.07678,노원구,11.285714285714286,1,0,71,3918,0.5474576271186441,0.2902092008217435,0.496007941859264
등촌 2-1 공영주차장,노외 주차장,37.5498936,126.86025,강서구,24.0,1,4,9,8009,1.0,0.3148074965725221,0.8629614993145045
등촌3동 꿈나무길,노상 주차장,37.5498936,126.86025,강서구,8.857142857142858,0,4,9,8009,0.061016949152542375,0.3148074965725221,0.11177505863653833
뚝섬유수지(평면) 공영주차장,노외 주차장,37.5435,127.03742,성동구,24.0,1,0,0,4331,1.0,0.0974295498594018,0.8194859099718804
렉싱턴호텔뒤 노상주차장,노상 주차장,37.5267088,126.9238,영등포구,8.857142857142858,0,0,43,4323,0.061016949152542375,0.22371485784233072,0.09355653089050006
롯데캐슬앞 노상주차장,노상 주차장,37.5267088,126.9238,영등포구,8.857142857142858,0,0,43,4323,0.061016949152542375,0.22371485784233072,0.09355653089050006
마곡8 임시 주차장,노외 주차장,37.566575,126.826243,강서구,14.0,1,0,67,8009,0.6440677966101696,0.43947659203424483,0.6031495556949846
마들스타디움(근린공원),노외 주차장,37.66727,127.07242,노원구,16.857142857142858,1,0,1,3918,0.7457627118644068,0.08411580024891092,0.6134333295413077
마른내길 공영주차장,노상 주차장,37.56433062,126.99457488,중구,8.857142857142858,0,0,3,2000,0.061016949152542375,0.014501202665720365,0.05171379985517798
마른내로 공영주차장,노상 주차장,37.56452799,126.99985972,중구,13.285714285714286,0,0,24,2000,0.21864406779661022,0.07632922283757011,0.19018109880480222
마을공원,노외 주차장,37.6162,127.05086,성북구,24.0,1,0,0,3533,1.0,0.06601590105624923,0.8132031802112499
마을마당주차장,노외 주차장,37.52782,126.83692,양천구,24.0,1,0,22,3941,1.0,0.14684922633864606,0.8293698452677293
마장축산물시장 서문(건물) 공영주차장,노외 주차장,37.56743,127.04045,성동구,24.0,1,0,23,4331,1.0,0.16514595290476108,0.8330291905809523
마장축산물시장(건물) 공영주차장,노외 주차장,37.56743,127.04045,성동구,24.0,1,0,23,4331,1.0,0.16514595290476108,0.8330291905809523
마천동1(건축물식),노외 주차장,37.49803,127.15167,송파구,24.0,1,0,3,7851,1.0,0.2448285950808153,0.8489657190161631
마천동2(건축물식),노외 주차장,37.49803,127.15167,송파구,24.0,1,0,3,7851,1.0,0.2448285950808153,0.8489657190161631
마천동3(건축물식),노외 주차장,37.49803,127.15167,송파구,24.0,1,0,3,7851,1.0,0.2448285950808153,0.8489657190161631
마포중앙도서관 공영주차장,노외 주차장,37.56775,126.90263,마포구,24.0,1,0,25,4083,1.0,0.1612716980549851,0.832254339610997
만승뒤(협동봉제조합),노상 주차장,37.4753253,126.8863954,금천구,10.142857142857142,0,0,40,2257,0.10677966101694909,0.13355321282114765,0.11213437137778881
망원1-1 공영주차장,노외 주차장,37.55586,126.90087,마포구,12.928571428571429,1,0,13,4083,0.6059322033898306,0.12594140081392807,0.50993404287465
망원1-2 공영주차장,노외 주차장,37.55586,126.90087,마포구,24.0,1,0,13,4083,1.0,0.12594140081392807,0.8251882801627857
망원2-1 공영주차장,노외 주차장,37.55586,126.90087,마포구,12.928571428571429,1,0,13,4083,0.6059322033898306,0.12594140081392807,0.50993404287465
망원나들목공영주차장A동,노외 주차장,37.55586,126.90087,마포구,24.0,1,0,13,4083,1.0,0.12594140081392807,0.8251882801627857
망원동 공영주차장,노외 주차장,37.55586,126.90087,마포구,24.0,1,0,13,4083,1.0,0.12594140081392807,0.8251882801627857
매바위 공영주차장,노외 주차장,37.59418,126.92555,은평구,24.0,1,0,125,3656,1.0,0.43888178403754513,0.8877763568075091
매헌시민의숲(매헌)역 공영주차장,노외 주차장,37.46838,127.0361,서초구,24.0,1,0,12,8665,1.0,0.3033698144098113,0.8606739628819623
면목2동공영주차장,노외 주차장,37.58178,127.09034,중랑구,24.0,1,0,0,3158,1.0,0.05125384804724895,0.8102507696094499
면목5동공영주차장,노외 주차장,37.58178,127.09034,중랑구,24.0,1,0,0,3158,1.0,0.05125384804724895,0.8102507696094499
면목유수지 공영주차장,노외 주차장,37.579494,127.081451,중랑구,24.0,1,10,37,3158,1.0,0.27542395088230687,0.8550847901764614
면목초교주자창,노외 주차장,37.58178,127.09034,중랑구,24.0,1,0,0,3158,1.0,0.05125384804724895,0.8102507696094499
명광교회공영주차장,노외 주차장,37.58659,126.99398,종로구,24.0,1,0,12,1896,1.0,0.0369049162286837,0.8073809832457368
명광교회옆,노외 주차장,37.58659,126.99398,종로구,24.0,1,0,12,1896,1.0,0.0369049162286837,0.8073809832457368
명륜1가공영주차장,노외 주차장,37.58861,126.99689,종로구,24.0,1,0,9,1896,1.0,0.028072341918419456,0.8056144683836839
명륜동와룡주차장,노외 주차장,37.58659,126.99398,종로구,24.0,1,0,12,1896,1.0,0.0369049162286837,0.8073809832457368
명일동 공영주차장,노외 주차장,37.55361065,127.15591212,강동구,9.571428571428571,1,0,43,5653,0.4864406779661017,0.2760709391809184,0.4443667302090651
목2동 월촌,노외 주차장,37.53608,126.87585,양천구,24.0,1,0,3,3941,1.0,0.09090958904030579,0.8181819178080612
목3동 해운주차장,노외 주차장,37.53608,126.87585,양천구,24.0,1,0,3,3941,1.0,0.09090958904030579,0.8181819178080612
목동체비지 공영주차장,노외 주차장,37.53679354,126.8806468,양천구,13.0,1,0,109,3941,0.6084745762711865,0.40299388133630937,0.5673784372842111
목동타운홀,노외 주차장,37.53608,126.87585,양천구,14.0,1,0,3,3941,0.6440677966101696,0.09090958904030579,0.5334361550961968
목사랑시장,노외 주차장,37.53608,126.87585,양천구,24.0,1,0,3,3941,1.0,0.09090958904030579,0.8181819178080612
무계원 공영,노외 주차장,37.5949602,126.9657272,종로구,24.0,1,0,0,1896,1.0,0.0015746189876266936,0.8003149237975253
무궁화공영주차장,노외 주차장,37.48818,127.01751,서초구,24.0,1,0,10,8665,1.0,0.2974814315363018,0.8594962863072604
묵정공원지하 공영주차장,노외 주차장,37.5623267,126.9991376,중구,24.0,1,0,38,2000,1.0,0.11754790295213663,0.8235095805904273
문래1동 공영주차장,노상 주차장,37.51355189,126.89703007,영등포구,8.857142857142858,0,0,48,4323,0.061016949152542375,0.23843581502610453,0.09650072232725482
문래근린공원 주차장,노외 주차장,37.51702,126.89591,영등포구,24.0,1,0,64,4323,1.0,0.2855428780141805,0.8571085756028362
문래동공영,노외 주차장,37.51588,126.88411,영등포구,24.0,1,1,14,4323,1.0,0.14985680814395622,0.8299713616287913
문래동주민센터 앞 노상주차장,노상 주차장,37.51702,126.89591,영등포구,8.857142857142858,0,0,64,4323,0.061016949152542375,0.2855428780141805,0.10592213492487002
문정 공영주차장,노외 주차장,37.48434,127.12246,송파구,15.0,1,5,83,7851,0.6796610169491526,0.5379814198587615,0.6513250975310745
문정골길 노상공영주차장,노상 주차장,37.48434,127.12246,송파구,12.0,0,5,83,7851,0.17288135593220336,0.5379814198587615,0.245901368717515
문정근린공원,노외 주차장,37.48434,127.12246,송파구,24.0,1,5,83,7851,1.0,0.5379814198587615,0.9075962839717524
문화공영주차장,노외 주차장,37.5651969,127.01322,중구,13.642857142857142,1,0,11,2000,0.6313559322033898,0.03805473415975837,0.5126956925946635
문화회관 동측 공영주차장,노외 주차장,37.5162407,126.8521196,양천구,10.0,1,0,26,3941,0.5016949152542373,0.15862599208566505,0.43308113062052284
문화회관 지하 주차장,노외 주차장,37.5162407,126.8521196,양천구,10.0,1,0,26,3941,0.5016949152542373,0.15862599208566505,0.43308113062052284
문화회관동측,노외 주차장,37.5162407,126.8521196,양천구,10.0,1,0,26,3941,0.5016949152542373,0.15862599208566505,0.43308113062052284
문화회관서측 노외주차장,노외 주차장,37.5162407,126.8521196,양천구,10.0,1,0,26,3941,0.5016949152542373,0.15862599208566505,0.43308113062052284
미래에셋빌딩 앞 노상주차장,노상 주차장,37.5267088,126.9238,영등포구,8.857142857142858,0,0,43,4323,0.061016949152542375,0.22371485784233072,0.09355653089050006
민속의 집 주차장,노외 주차장,37.56528,127.15761,강동구,24.0,1,0,58,5653,1.0,0.32023381073223967,0.8640467621464479
민속의집 공영주차장,노외 주차장,37.56528,127.15761,강동구,24.0,1,0,58,5653,1.0,0.32023381073223967,0.8640467621464479
바람개비 공영주차장,노외 주차장,37.53608,126.87585,양천구,14.0,1,0,3,3941,0.6440677966101696,0.09090958904030579,0.5334361550961968
바람개비주차장,노외 주차장,37.53608,126.87585,양천구,14.0,1,0,3,3941,0.6440677966101696,0.09090958904030579,0.5334361550961968
반포2동 공영주차장,노외 주차장,37.50312,127.0014,서초구,24.0,1,0,65,8665,1.0,0.4594119605578131,0.8918823921115626
반포2동공영주차장(덜위치칼리지),노외 주차장,37.50312,127.0014,서초구,24.0,1,0,65,8665,1.0,0.4594119605578131,0.8918823921115626
반포4동 주민센터 공영주차장,노외 주차장,37.50312,127.0014,서초구,24.0,1,0,65,8665,1.0,0.4594119605578131,0.8918823921115626
반포동 방음언덕형 공영주차장,노외 주차장,37.50312,127.0014,서초구,24.0,1,0,65,8665,1.0,0.4594119605578131,0.8918823921115626
반포둥근마을 공영주차장,노외 주차장,37.50312,127.0014,서초구,24.0,1,0,65,8665,1.0,0.4594119605578131,0.8918823921115626
반포복개천 공영주차장,노상 주차장,37.50312,127.0014,서초구,12.0,0,0,65,8665,0.17288135593220336,0.4594119605578131,0.23018747685732532
반포복개천 노상공영주차장,노상 주차장,37.50312,127.0014,서초구,12.0,0,0,65,8665,0.17288135593220336,0.4594119605578131,0.23018747685732532
반포서래공영주차장[서래마을 3호점],노외 주차장,37.50312,127.0014,서초구,24.0,1,0,65,8665,1.0,0.4594119605578131,0.8918823921115626
반포한강공원 반포2주차장,노외 주차장,37.50312,127.0014,서초구,18.0,1,0,65,8665,0.7864406779661017,0.4594119605578131,0.721034934484444
밝은빛 공영주차장,노외 주차장,37.5162407,126.8521196,양천구,10.0,1,0,26,3941,0.5016949152542373,0.15862599208566505,0.43308113062052284
밤고개로21길 공영주차장,노외 주차장,37.4714,127.1113,강남구,24.0,1,0,5,15468,1.0,0.5505637986731384,0.9101127597346277
방배1동 공영주차장,노외 주차장,37.4798789,126.9939103,서초구,24.0,1,6,16,8665,1.0,0.38428759196190965,0.876857518392382
방배복개도로 제2지역 노상공영주차장,노상 주차장,37.4798789,126.9939103,서초구,13.0,0,6,16,8665,0.20847457627118646,0.38428759196190965,0.2436371794093311
방배열린문화센터 공영주차장,노외 주차장,37.4798789,126.9939103,서초구,24.0,1,6,16,8665,1.0,0.38428759196190965,0.876857518392382
방배중앙로 노상공영주차장,노상 주차장,37.4798789,126.9939103,서초구,10.0,0,6,16,8665,0.10169491525423725,0.38428759196190965,0.15821345059577174
방신시장 고객주차장,노상 주차장,37.57682,126.81422,강서구,10.0,0,11,39,8009,0.10169491525423725,0.4837977534477571,0.17811548289294124
방이고분,노외 주차장,37.5141564,127.1195472,송파구,8.142857142857142,1,0,22,7851,0.43559322033898307,0.30076823237915556,0.4086282227470176
방이동 공영주차장,노외 주차장,37.5141564,127.1195472,송파구,24.0,1,0,22,7851,1.0,0.30076823237915556,0.8601536464758311
방이습지 노상공영주차장,노상 주차장,37.5141564,127.1195472,송파구,9.0,0,0,22,7851,0.06610169491525422,0.30076823237915556,0.11303500240803449
방학동 도깨비시장 공영주차장,노외 주차장,37.66442,127.03333,도봉구,13.0,1,0,2,2535,0.6084745762711865,0.03261754018847266,0.4933031690546438
방학동 월드상가 앞 주차장,노상 주차장,37.66442,127.03333,도봉구,9.0,0,0,2,2535,0.06610169491525422,0.03261754018847266,0.059404863969897914
방화로 공영주차장,노상 주차장,37.55468529,126.81629744,강서구,13.285714285714286,0,0,0,8009,0.21864406779661022,0.2422157657716765,0.2233584073916235
배봉공영주차장,노외 주차장,37.58773,127.06526,동대문구,17.0,1,0,6,3021,0.7508474576271187,0.06352592663515604,0.6133831514287262
배오개길 공영주차장,노상 주차장,37.56535114,126.998315985,중구,8.857142857142858,0,0,1,2000,0.061016949152542375,0.008612819792210864,0.050536123280476075
번2동 공영주차장(무인),노외 주차장,37.62929,127.03684,강북구,24.0,1,0,3,1856,1.0,0.008832574310264251,0.8017665148620529
범일운수~신세계물류센터,노상 주차장,37.468399,126.8979571,금천구,14.714285714285714,0,0,41,2257,0.2694915254237288,0.1364974042579024,0.24289270119056353
법마을공영주차장,노외 주차장,37.5162407,126.8521196,양천구,24.0,1,0,26,3941,1.0,0.15862599208566505,0.8317251984171331
법안정사 공영주차장,노상 주차장,37.53608,126.87585,양천구,8.857142857142858,0,0,3,3941,0.061016949152542375,0.09090958904030579,0.06699547713009507
벚꽃길주차장,노외 주차장,37.5162407,126.8521196,양천구,24.0,1,0,26,3941,1.0,0.15862599208566505,0.8317251984171331
벤처빌딩,노외 주차장,37.6162,127.05086,성북구,24.0,1,0,0,3533,1.0,0.06601590105624923,0.8132031802112499
벽산 노상공영,노상 주차장,37.6352212,127.0090642,강북구,8.857142857142858,0,0,0,1856,0.061016949152542375,0.0,0.048813559322033906
벽산공영,노상 주차장,37.6352212,127.0090642,강북구,8.857142857142858,0,0,0,1856,0.061016949152542375,0.0,0.048813559322033906
벽산디지털밸리앞 노상주차장,노상 주차장,37.51588,126.88411,영등포구,8.857142857142858,0,1,14,4323,0.061016949152542375,0.14985680814395622,0.07878492095082515
볏골공원 지하공영주차장,노외 주차장,37.54208,126.84656,강서구,24.0,1,0,5,8009,1.0,0.2569367229554502,0.8513873445910901
볕우물 공영주차장,노외 주차장,37.55237413,127.13512275,강동구,24.0,1,2,2,5653,1.0,0.17840609420900005,0.8356812188418
보라매공원동문주차장,노외 주차장,37.4955756,126.9195788,동작구,13.0,1,0,5,2867,0.6084745762711865,0.0545194520960385,0.49768355143615695
보라매상업 공영주차장,노외 주차장,37.49039184,126.92340595,동작구,12.0,1,14,77,2867,0.5728813559322034,0.42783026308756567,0.5438711373632759
보라매제1공영주차장,노외 주차장,37.484665,126.9484961,관악구,24.0,1,3,4,3005,1.0,0.0915782020691355,0.8183156404138271
복정역 공영주차장,노외 주차장,37.47005293,127.1277329,송파구,24.0,1,3,14,7851,1.0,0.3117852067876572,0.8623570413575314
봉수대공영주차장,노외 주차장,37.61182,127.09298,중랑구,13.285714285714286,1,0,0,3158,0.6186440677966103,0.05125384804724895,0.505166023846738
봉천복개3 공영주차장,노상 주차장,37.48839206,126.93069135,관악구,8.857142857142858,0,0,1,3005,0.061016949152542375,0.0481751218563316,0.05844858369330023
봉화산역(남) 공영주차장,노외 주차장,37.61182,127.09298,중랑구,13.0,1,0,0,3158,0.6084745762711865,0.05125384804724895,0.49703043062639907
부군당길공영주차장,노외 주차장,37.5806,127.05543,동대문구,17.0,1,0,40,3021,0.7508474576271187,0.16362843548481754,0.6334036531986585
부영그린 공영노상주차장,노상 주차장,37.53608,126.87585,양천구,8.857142857142858,0,0,3,3941,0.061016949152542375,0.09090958904030579,0.06699547713009507
북부지법주변,노상 주차장,37.63021,127.08818,노원구,9.714285714285714,0,0,0,3918,0.09152542372881355,0.08117160881215618,0.08945466074548208
불암산 공영주차장,노외 주차장,37.64802,127.07678,노원구,18.642857142857142,1,0,71,3918,0.8093220338983051,0.2902092008217435,0.7054994672829928
비봉,노외 주차장,37.609029,126.9573925,종로구,10.0,1,0,1,1896,0.5016949152542373,0.004518810424381445,0.40225969428826613
비봉주차장,노외 주차장,37.609029,126.9573925,종로구,10.0,1,0,1,1896,0.5016949152542373,0.004518810424381445,0.40225969428826613
비석거리,노상 주차장,37.49672,127.11744,송파구,13.285714285714286,0,10,65,7851,0.21864406779661022,0.5426034838347421,0.2834359510042366
빗물펌프장 공영주차장,노외 주차장,37.5064393,126.963687,동작구,24.0,1,0,23,2867,1.0,0.10751489795762402,0.8215029795915249
빙수골장미,노외 주차장,37.4988159,126.9441045,동작구,24.0,1,3,13,2867,1.0,0.11264348949261617,0.8225286978985232
빨래골 노상공영,노상 주차장,37.6352212,127.0090642,강북구,8.857142857142858,0,0,0,1856,0.061016949152542375,0.0,0.048813559322033906
사당노외공영주차장,노외 주차장,37.47543791,126.98377372,서초구,24.0,1,0,17,8665,1.0,0.31809077159358506,0.863618154318717
사조냉장-무등실업,노상 주차장,37.468399,126.8979571,금천구,14.714285714285714,0,0,41,2257,0.2694915254237288,0.1364974042579024,0.24289270119056353
산업은행앞,노상 주차장,37.5267088,126.9238,영등포구,8.857142857142858,0,0,43,4323,0.061016949152542375,0.22371485784233072,0.09355653089050006
산업은행앞 노상주차장,노상 주차장,37.5267088,126.9238,영등포구,8.857142857142858,0,0,43,4323,0.061016949152542375,0.22371485784233072,0.09355653089050006
살곶이(평면) 공영주차장,노외 주차장,37.5589948,127.0480281,성동구,24.0,1,0,0,4331,1.0,0.0974295498594018,0.8194859099718804
살피재 주차장,노상 주차장,37.4988159,126.9441045,동작구,24.0,0,3,13,2867,0.6,0.11264348949261617,0.5025286978985232
삼각지고가밑 공영주차장,노상 주차장,37.53704625,126.96954765,용산구,8.857142857142858,0,1,105,2674,0.061016949152542375,0.352864561123728,0.1193864715467795
삼성1문화센터 공영주차장,노외 주차장,37.5147838,127.0543618,강남구,24.0,1,0,3,15468,1.0,0.5446754157996289,0.9089350831599259
삼성유료주차장,노외 주차장,37.5223206,127.0277019,강남구,12.0,1,0,4,15468,0.5728813559322034,0.5476196072363836,0.5678290061930394
삼양마을공원지하공영주차장,노외 주차장,37.628995,127.0257543,강북구,24.0,1,0,14,1856,1.0,0.04121868011456651,0.8082437360229133
삼전동(건축물식),노외 주차장,37.5014521,127.0901512,송파구,24.0,1,0,4,7851,1.0,0.24777278651757007,0.849554557303514
삼청공원앞,노상 주차장,37.58964,126.98112,종로구,10.857142857142858,0,0,0,1896,0.13220338983050847,0.0015746189876266936,0.10607763566193211
삼환아파트,노상 주차장,37.468399,126.8979571,금천구,14.714285714285714,0,0,41,2257,0.2694915254237288,0.1364974042579024,0.24289270119056353
삼환아파트 앞 노상주차장,노상 주차장,37.514477,126.8898892,영등포구,8.857142857142858,0,0,9,4323,0.061016949152542375,0.12361234899266924,0.07353602912056775
상계2동 공영주차장,노외 주차장,37.66727,127.07242,노원구,24.0,1,0,1,3918,1.0,0.08411580024891092,0.8168231600497823
상봉2동공영주차장,노외 주차장,37.60002,127.09283,중랑구,24.0,1,0,10,3158,1.0,0.08069576241479647,0.8161391524829593
상암1 공영주차장,노외 주차장,37.5715724,126.8728063,마포구,24.0,1,0,0,4083,1.0,0.08766691213611631,0.8175333824272233
상인회주차장,노외 주차장,37.4507049,126.9085555,금천구,9.0,1,2,2,2257,0.4661016949152542,0.044720942159493564,0.3818255443641021
새마을시장,노상 주차장,37.5122807,127.0855986,송파구,12.0,0,0,41,7851,0.17288135593220336,0.35670786967749585,0.20964665868126187
색동공원 공영주차장,노외 주차장,37.6352212,127.0090642,강북구,24.0,1,0,0,1856,1.0,0.0,0.8
색동공원공영주차장,노외 주차장,37.6352212,127.0090642,강북구,24.0,1,0,0,1856,1.0,0.0,0.8
서강대역 환승 공영주차장,노외 주차장,37.5462035,126.9359375,마포구,24.0,1,0,34,4083,1.0,0.18776942098577784,0.8375538841971556
서계동공영주차장,노외 주차장,37.55234,126.96595,용산구,24.0,1,0,0,2674,1.0,0.03220095829696593,0.8064401916593932
서광주차장,노외 주차장,37.4955756,126.9195788,동작구,24.0,1,0,5,2867,1.0,0.0545194520960385,0.8109038904192077
서래마을공영주차장,노외 주차장,37.50312,127.0014,서초구,24.0,1,0,65,8665,1.0,0.4594119605578131,0.8918823921115626
서부간선도로,노상 주차장,37.4753253,126.8863954,금천구,14.714285714285714,0,0,40,2257,0.2694915254237288,0.13355321282114765,0.24230386290321257
서서울주차장,노외 주차장,37.52782,126.83692,양천구,24.0,1,0,22,3941,1.0,0.14684922633864606,0.8293698452677293
서소문 삼성생명뒤 공영주차장,노외 주차장,37.5645479,126.9766825,중구,12.571428571428571,1,0,9,2000,0.5932203389830508,0.03216635128624887,0.48100954144369046
서소문삼성생명뒤,노외 주차장,37.56283,126.97365,중구,12.571428571428571,1,2,42,2000,0.5932203389830508,0.15237167263418208,0.5050506057132771
서소문올리브타워옆 공영주차장,노외 주차장,37.56283,126.97365,중구,9.857142857142858,1,2,42,2000,0.4966101694915254,0.15237167263418208,0.42776247012005675
서울글로벌센터 공영주차장,노외 주차장,37.56983402,126.98150586,종로구,13.285714285714286,1,2,78,1896,0.6186440677966103,0.2542685549895237,0.545768965235193
서울숲 공영주차장,노외 주차장,37.5435,127.03742,성동구,24.0,1,0,0,4331,1.0,0.0974295498594018,0.8194859099718804
서울식물원 제2주차장,노외 주차장,37.566575,126.826243,강서구,24.0,1,0,67,8009,1.0,0.43947659203424483,0.887895318406849
서울암사동유적 주차장,노외 주차장,37.5582352,127.1308542,강동구,9.0,1,0,2,5653,0.4661016949152542,0.15535909027397363,0.40395317398699815
서울약령시공영주차장,노외 주차장,37.58465,127.03678,동대문구,24.0,1,0,1,3021,1.0,0.048804969451382275,0.8097609938902764
서원동제1공영,노상 주차장,37.4868971,126.928177,관악구,10.0,0,0,0,3005,0.10169491525423725,0.04523093041957684,0.09040211828730518
서인사마당,노외 주차장,37.57435,126.98243,종로구,14.0,1,0,23,1896,0.6440677966101696,0.06929102203298597,0.5291124416947329
서인사마당공영,노외 주차장,37.57435,126.98243,종로구,14.0,1,0,23,1896,0.6440677966101696,0.06929102203298597,0.5291124416947329
서초역 공영주차장,노외 주차장,37.48818,127.01751,서초구,24.0,1,0,10,8665,1.0,0.2974814315363018,0.8594962863072604
서호1,노외 주차장,37.5122807,127.0855986,송파구,24.0,1,0,41,7851,1.0,0.35670786967749585,0.8713415739354993
서호2,노외 주차장,37.5122807,127.0855986,송파구,24.0,1,0,41,7851,1.0,0.35670786967749585,0.8713415739354993
석계역 공영주차장,노외 주차장,37.615292,127.062997,노원구,24.0,1,2,6,3918,1.0,0.1218837613677111,0.8243767522735422
석계역 앞,노외 주차장,37.6289,127.0567,노원구,9.142857142857142,1,0,31,3918,0.4711864406779661,0.17244154335155346,0.41143746121268365
석계역앞,노외 주차장,37.6289,127.0567,노원구,9.142857142857142,1,0,31,3918,0.4711864406779661,0.17244154335155346,0.41143746121268365
석촌고분,노외 주차장,37.5024827,127.103495,송파구,9.0,1,0,23,7851,0.4661016949152542,0.30371242381591035,0.43362384069538545
석촌역(제1호),노상 주차장,37.50479,127.11369,송파구,12.0,0,0,4,7851,0.17288135593220336,0.24777278651757007,0.18785964204927671
선릉로132길 노상공영 주차장,노상 주차장,37.5257535,127.0523217,강남구,14.0,0,0,20,15468,0.24406779661016947,0.5947266702244596,0.3141995713330275
선릉로146길 노상공영주차장,노상 주차장,37.5257535,127.0523217,강남구,14.0,0,0,20,15468,0.24406779661016947,0.5947266702244596,0.3141995713330275
성균관 유림회관,노외 주차장,37.58659,126.99398,종로구,24.0,1,0,12,1896,1.0,0.0369049162286837,0.8073809832457368
성내역(잠실나루역) 공영주차장,노상 주차장,37.517732385,127.105057265,송파구,8.142857142857142,0,1,69,7851,0.035593220338983024,0.45066873187414214,0.11860832264601485
성내전통시장 주차장,노외 주차장,37.52998,127.12875,강동구,24.0,1,0,8,5653,1.0,0.1730242388945021,0.8346048477789004
성동 고등학교 공영주차장,노외 주차장,37.5651969,127.01322,중구,24.0,1,0,11,2000,1.0,0.03805473415975837,0.8076109468319517
성동공고 공영주차장,노외 주차장,37.56738,127.01651,중구,24.0,1,4,39,2000,1.0,0.16658610225894427,0.8333172204517889
성산2-1 공영주차장,노외 주차장,37.56775,126.90263,마포구,12.928571428571429,1,0,25,4083,0.6059322033898306,0.1612716980549851,0.5170001023228615
성수2가1동(건물) 공영주차장,노외 주차장,37.54048,127.05601,성동구,24.0,1,3,61,4331,1.0,0.3115957334039812,0.8623191466807962
성수2가3동(건물) 공영주차장,노외 주차장,37.54048,127.05601,성동구,24.0,1,3,61,4331,1.0,0.3115957334039812,0.8623191466807962
성수문화예술마당 임시 공영주차장,노외 주차장,37.5435,127.03742,성동구,24.0,1,0,0,4331,1.0,0.0974295498594018,0.8194859099718804
세우빌딩앞 노상주차장,노상 주차장,37.5267088,126.9238,영등포구,8.857142857142858,0,0,43,4323,0.061016949152542375,0.22371485784233072,0.09355653089050006
세일철강~LG전자연구소,노상 주차장,37.4753253,126.8863954,금천구,14.714285714285714,0,0,40,2257,0.2694915254237288,0.13355321282114765,0.24230386290321257
세종로 공영주차장,노외 주차장,37.57340269,126.97588429,종로구,24.0,1,14,54,1896,1.0,0.3218899841175683,0.8643779968235137
소금나루도서관 공영주차장,노외 주차장,37.5501812,126.9479037,마포구,24.0,1,2,63,4083,1.0,0.29619797658669206,0.8592395953173384
송정동(건물) 공영주차장,노외 주차장,37.5537482,127.0684835,성동구,24.0,1,0,19,4331,1.0,0.15336918715774206,0.8306738374315484
송파근린공원,노외 주차장,37.50479,127.11369,송파구,24.0,1,0,4,7851,1.0,0.24777278651757007,0.849554557303514
송파나루공원 동호주차장,노외 주차장,37.5184928,127.1030779,송파구,24.0,1,0,72,7851,1.0,0.4479778042168931,0.8895955608433787
송파동(건축물식),노외 주차장,37.50479,127.11369,송파구,24.0,1,0,4,7851,1.0,0.24777278651757007,0.849554557303514
송파파크데이 2단지입구앞,노외 주차장,37.49803,127.15167,송파구,24.0,1,0,3,7851,1.0,0.2448285950808153,0.8489657190161631
송화골목 전통시장 고객주차장,노외 주차장,37.5539189,126.8377194,강서구,11.0,1,0,18,8009,0.5372881355932204,0.295211211633262,0.4888727508012288
수락산디자인서울거리,노상 주차장,37.66727,127.07242,노원구,9.714285714285714,0,0,1,3918,0.09152542372881355,0.08411580024891092,0.09004349903283303
수색동공영주차장,노외 주차장,37.5851873,126.8948584,은평구,24.0,1,0,33,3656,1.0,0.1680161718561081,0.8336032343712216
수서역북 공영주차장,노외 주차장,37.48801285,127.09994995,강남구,24.0,1,8,33,15468,1.0,0.7251891746423771,0.9450378349284755
수송초등학교 공영주차장,노외 주차장,37.62929,127.03684,강북구,24.0,1,0,3,1856,1.0,0.008832574310264251,0.8017665148620529
수유2동 공영주차장,노외 주차장,37.6352212,127.0090642,강북구,24.0,1,0,0,1856,1.0,0.0,0.8
수유동쌈지마당공영주차장,노외 주차장,37.6352212,127.0090642,강북구,24.0,1,0,0,1856,1.0,0.0,0.8
수유마을시장 공영주차장,노외 주차장,37.6352212,127.0090642,강북구,24.0,1,0,0,1856,1.0,0.0,0.8
시네마빌딩공영주차장,노외 주차장,37.59742,127.01841,성북구,24.0,1,0,109,3533,1.0,0.3869327676625171,0.8773865535325035
시민의숲 동측 공영주차장[양재시민의숲역 4호점],노외 주차장,37.46838,127.0361,서초구,24.0,1,0,12,8665,1.0,0.3033698144098113,0.8606739628819623
시범 공영주차장,노외 주차장,37.6352212,127.0090642,강북구,14.0,1,0,0,1856,0.6440677966101696,0.0,0.5152542372881357
시흥1동 공영주차장,노외 주차장,37.4507049,126.9085555,금천구,9.0,1,2,2,2257,0.4661016949152542,0.044720942159493564,0.3818255443641021
시흥3동 공영주차장,노외 주차장,37.4507049,126.9085555,금천구,11.0,1,2,2,2257,0.5372881355932204,0.044720942159493564,0.4387746969064751
신곡주차장,노외 주차장,37.52782,126.83692,양천구,24.0,1,0,22,3941,1.0,0.14684922633864606,0.8293698452677293
신교공영,노외 주차장,37.58416,126.96723,종로구,24.0,1,0,8,1896,1.0,0.0251281504816647,0.805025630096333
신구초 공영주차장,노외 주차장,37.5223206,127.0277019,강남구,24.0,1,0,4,15468,1.0,0.5476196072363836,0.9095239214472768
신길환승(5호선),노외 주차장,37.51509,126.91423,영등포구,24.0,1,0,14,4323,1.0,0.138333306176443,0.8276666612352886
신당동 공영주차장,노외 주차장,37.5651969,127.01322,중구,24.0,1,0,11,2000,1.0,0.03805473415975837,0.8076109468319517
신당사거리 공영주차장,노외 주차장,37.5651969,127.01322,중구,24.0,1,0,11,2000,1.0,0.03805473415975837,0.8076109468319517
신당역 공영주차장,노외 주차장,37.5651969,127.01322,중구,24.0,1,0,11,2000,1.0,0.03805473415975837,0.8076109468319517
신대방역 공영주차장,노외 주차장,37.48830327,126.91452278,관악구,24.0,1,0,4,3005,1.0,0.057007696166595845,0.8114015392333193
신도림역환승주차장,노외 주차장,37.4945849,126.8845477,구로구,24.0,1,0,0,3621,1.0,0.06948006282902795,0.8138960125658057
신림동공영주차장,노외 주차장,37.4868971,126.928177,관악구,24.0,1,0,0,3005,1.0,0.04523093041957684,0.8090461860839154
신림동제2공영,노상 주차장,37.4868971,126.928177,관악구,10.0,0,0,0,3005,0.10169491525423725,0.04523093041957684,0.09040211828730518
신문로 공영주차장,노외 주차장,37.57017,126.97417,종로구,10.0,1,12,54,1896,0.5016949152542373,0.2988429801825418,0.4611245282398982
신방화역 공영주차장,노외 주차장,37.56706812,126.81757628,강서구,24.0,1,16,49,8009,1.0,0.5708571776528708,0.9141714355305742
신사동 제1공영주차장,노외 주차장,37.4868971,126.928177,관악구,9.142857142857142,1,0,0,3005,0.4711864406779661,0.04523093041957684,0.3859953386262883
신설동 공영주차장,노외 주차장,37.57252061,127.02425684,동대문구,10.0,1,2,12,3021,0.5016949152542373,0.10423807919071097,0.42220354804153204
신영시장 공동주차장,노외 주차장,37.52782,126.83692,양천구,10.0,1,0,22,3941,0.5016949152542373,0.14684922633864606,0.43072577747111906
신우주차장,노외 주차장,37.52782,126.83692,양천구,24.0,1,0,22,3941,1.0,0.14684922633864606,0.8293698452677293
신월1동저지복개1구역,노상 주차장,37.52782,126.83692,양천구,8.285714285714286,0,0,22,3941,0.04067796610169494,0.14684922633864606,0.061912218149085166
신월1동저지복개2구역,노상 주차장,37.52782,126.83692,양천구,8.285714285714286,0,0,22,3941,0.04067796610169494,0.14684922633864606,0.061912218149085166
신월4동 공영주차장,노외 주차장,37.525643,126.837692,양천구,24.0,1,2,28,3941,1.0,0.187561378894201,0.8375122757788402
신월5동복개주차장,노상 주차장,37.52782,126.83692,양천구,8.285714285714286,0,0,22,3941,0.04067796610169494,0.14684922633864606,0.061912218149085166
"신정1,3동 복개",노상 주차장,37.5162407,126.8521196,양천구,8.285714285714286,0,0,26,3941,0.04067796610169494,0.15862599208566505,0.06426757129848897
신정4동 로데오길,노상 주차장,37.5162407,126.8521196,양천구,8.285714285714286,0,0,26,3941,0.04067796610169494,0.15862599208566505,0.06426757129848897
신정4동길,노상 주차장,37.5162407,126.8521196,양천구,8.285714285714286,0,0,26,3941,0.04067796610169494,0.15862599208566505,0.06426757129848897
신정7동 한사랑교회 주차장,노외 주차장,37.5162407,126.8521196,양천구,14.0,1,0,26,3941,0.6440677966101696,0.15862599208566505,0.5469794357052687
신정교주차장,노외 주차장,37.5162407,126.8521196,양천구,24.0,1,0,26,3941,1.0,0.15862599208566505,0.8317251984171331
신창공영주차장,노외 주차장,37.53586,126.95441,용산구,24.0,1,0,6,2674,1.0,0.049866106917494435,0.8099732213834989
신천유수지 공영주차장,노외 주차장,37.52231457,127.10290327,송파구,24.0,1,0,17,7851,1.0,0.2860472751953818,0.8572094550390764
신천지,노상 주차장,37.468399,126.8979571,금천구,14.714285714285714,0,0,41,2257,0.2694915254237288,0.1364974042579024,0.24289270119056353
신촌노상공영주차장,노상 주차장,37.553881,126.937312,마포구,11.0,0,3,15,4083,0.13728813559322034,0.16640028958997724,0.14311056639257172
신학대길 노상공영주차장,노상 주차장,37.54208,126.84656,강서구,8.857142857142858,0,0,5,8009,0.061016949152542375,0.2569367229554502,0.10020090391312395
신한증권옆,노상 주차장,37.64802,127.07678,노원구,9.714285714285714,0,0,71,3918,0.09152542372881355,0.2902092008217435,0.13126217914739954
쌈지 공영주차장,노외 주차장,37.6352212,127.0090642,강북구,24.0,1,0,0,1856,1.0,0.0,0.8
쌍문2동 2공영주차장,노외 주차장,37.65347,127.02715,도봉구,24.0,1,0,0,2535,1.0,0.02672915731496316,0.8053458314629927
쌍문2동 5공영주차장,노외 주차장,37.65347,127.02715,도봉구,24.0,1,0,0,2535,1.0,0.02672915731496316,0.8053458314629927
아시아공원,노외 주차장,37.5122807,127.0855986,송파구,24.0,1,0,41,7851,1.0,0.35670786967749585,0.8713415739354993
아카데미 노상공영,노상 주차장,37.6352212,127.0090642,강북구,8.857142857142858,0,0,0,1856,0.061016949152542375,0.0,0.048813559322033906
아톰,노상 주차장,37.4753253,126.8863954,금천구,14.714285714285714,0,0,40,2257,0.2694915254237288,0.13355321282114765,0.24230386290321257
아현시민 공영주차장,노외 주차장,37.5505624,126.9525116,마포구,24.0,1,0,69,4083,1.0,0.2908161212721941,0.8581632242544388
안말 주차장,노외 주차장,37.52998,127.12875,강동구,24.0,1,0,8,5653,1.0,0.1730242388945021,0.8346048477789004
암사1동 주차장,노외 주차장,37.5582352,127.1308542,강동구,24.0,1,0,2,5653,1.0,0.15535909027397363,0.8310718180547948
압구정 428 공영주차장,노외 주차장,37.5300432,127.0313346,강남구,12.0,1,0,2,15468,0.5728813559322034,0.541731224362874,0.5666513296183375
압구정29길 노상공영 주차장,노상 주차장,37.5300432,127.0313346,강남구,14.0,0,0,2,15468,0.24406779661016947,0.541731224362874,0.3036004821607104
압구정고가1 공영주차장,노상 주차장,37.52607658,127.028388,강남구,12.714285714285714,0,0,11,15468,0.19830508474576267,0.5682289472936668,0.2722898572553435
압구정고가2 공영주차장,노상 주차장,37.5223206,127.0277019,강남구,11.285714285714286,0,0,4,15468,0.1474576271186441,0.5476196072363836,0.22749002314219202
압구정로29길,노상 주차장,37.5300432,127.0313346,강남구,14.0,0,0,2,15468,0.24406779661016947,0.541731224362874,0.3036004821607104
양재2동주민센터 공영주차장,노외 주차장,37.46838,127.0361,서초구,14.0,1,0,12,8665,0.6440677966101696,0.3033698144098113,0.5759282001700979
양재근린공원 공영주차장,노외 주차장,37.46838,127.0361,서초구,24.0,1,0,12,8665,1.0,0.3033698144098113,0.8606739628819623
양재시민의숲(매헌)역 공영주차장,노외 주차장,37.46838,127.0361,서초구,24.0,1,0,12,8665,1.0,0.3033698144098113,0.8606739628819623
양재주차빌딩,노외 주차장,37.46838,127.0361,서초구,24.0,1,0,12,8665,1.0,0.3033698144098113,0.8606739628819623
양천경찰서 노상공영주차장,노상 주차장,37.5162407,126.8521196,양천구,8.857142857142858,0,0,26,3941,0.061016949152542375,0.15862599208566505,0.08053875773916691
양천공원옆,노상 주차장,37.5162407,126.8521196,양천구,8.285714285714286,0,0,26,3941,0.04067796610169494,0.15862599208566505,0.06426757129848897
양천구청 노상공영주차장,노상 주차장,37.5162407,126.8521196,양천구,8.857142857142858,0,0,26,3941,0.061016949152542375,0.15862599208566505,0.08053875773916691
양천사회단체봉사센터,노외 주차장,37.53608,126.87585,양천구,14.0,1,0,3,3941,0.6440677966101696,0.09090958904030579,0.5334361550961968
양천사회단체봉사센터 공영주차장,노외 주차장,37.53608,126.87585,양천구,14.0,1,0,3,3941,0.6440677966101696,0.09090958904030579,0.5334361550961968
양평2동청사 공영,노외 주차장,37.53689,126.89638,영등포구,24.0,1,1,17,4323,1.0,0.15868938245422046,0.8317378764908442
양평동(동) 공영주차장,노상 주차장,37.53906,126.8928,영등포구,8.857142857142858,0,0,89,4323,0.061016949152542375,0.35914766393304925,0.12064309210864375
양평유수지 공영주차장,노외 주차장,37.5282501,126.8914746,영등포구,24.0,1,3,36,4323,1.0,0.2376760236875872,0.8475352047375175
양화진 공영주차장,노외 주차장,37.5477846,126.9095636,마포구,24.0,1,0,0,4083,1.0,0.08766691213611631,0.8175333824272233
어울림 공영주차장,노외 주차장,37.5162407,126.8521196,양천구,10.0,1,0,26,3941,0.5016949152542373,0.15862599208566505,0.43308113062052284
어울림소공원 공영주차장,노외 주차장,37.628995,127.0257543,강북구,24.0,1,0,14,1856,1.0,0.04121868011456651,0.8082437360229133
어울림주차장,노외 주차장,37.5162407,126.8521196,양천구,10.0,1,0,26,3941,0.5016949152542373,0.15862599208566505,0.43308113062052284
언구비 공영주차장,노외 주차장,37.50312,127.0014,서초구,24.0,1,0,65,8665,1.0,0.4594119605578131,0.8918823921115626
언북초교 공영주차장,노외 주차장,37.5257535,127.0523217,강남구,24.0,1,0,20,15468,1.0,0.5947266702244596,0.918945334044892
언주로171길,노상 주차장,37.5223206,127.0277019,강남구,14.0,0,0,4,15468,0.24406779661016947,0.5476196072363836,0.3047781587354123
언주초 공영주차장,노외 주차장,37.4878395,127.0438569,강남구,24.0,1,0,2,15468,1.0,0.541731224362874,0.9083462448725749
엔젤데이케이센터 지하주차장,노외 주차장,37.4856963,126.9723525,동작구,24.0,1,2,34,2867,1.0,0.16294800769695272,0.8325896015393905
여울 공영주차장,노외 주차장,37.52782,126.83692,양천구,24.0,1,0,22,3941,1.0,0.14684922633864606,0.8293698452677293
여의도공원 공영주차장,노상 주차장,37.5226,126.91685,영등포구,8.857142857142858,0,0,0,4323,0.061016949152542375,0.09711462606187647,0.0682364845344092
여의도공원앞1 노상주차장,노상 주차장,37.5267088,126.9238,영등포구,8.857142857142858,0,0,43,4323,0.061016949152542375,0.22371485784233072,0.09355653089050006
여의도공원앞2 노상주차장,노상 주차장,37.5267088,126.9238,영등포구,8.857142857142858,0,0,43,4323,0.061016949152542375,0.22371485784233072,0.09355653089050006
여의도공원앞3 노상주차장,노상 주차장,37.5267088,126.9238,영등포구,8.857142857142858,0,0,43,4323,0.061016949152542375,0.22371485784233072,0.09355653089050006
여의도백화점 앞 노상주차장,노상 주차장,37.5267088,126.9238,영등포구,8.857142857142858,0,0,43,4323,0.061016949152542375,0.22371485784233072,0.09355653089050006
여의서로 공영주차장,노상 주차장,37.5267088,126.9238,영등포구,8.857142857142858,0,0,43,4323,0.061016949152542375,0.22371485784233072,0.09355653089050006
역말 공영주차장,노외 주차장,37.6049941,126.9148856,은평구,24.0,1,0,3,3656,1.0,0.07969042875346556,0.8159380857506932
역삼1문화센터 공영주차장,노외 주차장,37.49988,127.03856,강남구,24.0,1,0,44,15468,1.0,0.6653872647065736,0.9330774529413148
역삼문화공원 공영주차장,노외 주차장,37.49988,127.03856,강남구,24.0,1,0,44,15468,1.0,0.6653872647065736,0.9330774529413148
역삼문화공원제1호공영주차장,노외 주차장,37.49988,127.03856,강남구,24.0,1,0,44,15468,1.0,0.6653872647065736,0.9330774529413148
연광초교 지하 공영주차장,노외 주차장,37.6160647,126.9339579,은평구,24.0,1,0,10,3656,1.0,0.10029976881074881,0.8200599537621498
연광초교지하공동주차장,노외 주차장,37.6160647,126.9339579,은평구,24.0,1,0,10,3656,1.0,0.10029976881074881,0.8200599537621498
연남 유료 주차장,노상 주차장,37.5626596,126.9226107,마포구,11.0,0,0,4,4083,0.13728813559322034,0.09944367788313531,0.12971924405120333
연남노상공영주차장,노상 주차장,37.5626596,126.9226107,마포구,13.0,0,0,4,4083,0.20847457627118646,0.09944367788313531,0.18666839659357626
연남동 공영주차장,노외 주차장,37.5626596,126.9226107,마포구,24.0,1,0,4,4083,1.0,0.09944367788313531,0.8198887355766271
연신중학교지하 공영주차장,노외 주차장,37.6160647,126.9339579,은평구,24.0,1,0,10,3656,1.0,0.10029976881074881,0.8200599537621498
연신중학교지하공동주차장,노외 주차장,37.6160647,126.9339579,은평구,24.0,1,0,10,3656,1.0,0.10029976881074881,0.8200599537621498
연희사러가쇼핑센터앞,노상 주차장,37.57234,126.93084,서대문구,8.857142857142858,0,0,2,2799,0.061016949152542375,0.04301002550680885,0.057415564423395675
염리 공영주차장,노외 주차장,37.54914,126.94915,마포구,24.0,1,0,9,4083,1.0,0.11416463506690908,0.8228329270133818
영남 공영주차장,노외 주차장,37.51947074,126.90260898,영등포구,24.0,1,12,25,4323,1.0,0.3090014355909039,0.8618002871181808
영동6교밑 공영주차장,노상 주차장,37.494468795,127.071070055,강남구,9.428571428571429,0,0,8,15468,0.08135593220338984,0.5593963729834026,0.1769640203593924
영동대로106길,노상 주차장,37.5147838,127.0543618,강남구,14.0,0,0,3,15468,0.24406779661016947,0.5446754157996289,0.30418932044806135
영동대로86길노상,노상 주차장,37.49882,127.06566,강남구,14.0,0,0,15,15468,0.24406779661016947,0.5800057130406859,0.3112553798962728
영동대로96길,노상 주차장,37.5147838,127.0543618,강남구,14.0,0,0,3,15468,0.24406779661016947,0.5446754157996289,0.30418932044806135
영등포구청,노상 주차장,37.52616,126.89724,영등포구,13.285714285714286,0,0,20,4323,0.21864406779661022,0.1559984547969715,0.2061149451966825
영등포구청별관 공영주차장,노외 주차장,37.52616,126.89724,영등포구,23.0,1,0,20,4323,0.9644067796610171,0.1559984547969715,0.8027251146882081
영등포구청역 공영주차장,노외 주차장,37.52432737,126.89548892,영등포구,24.0,1,6,36,4323,1.0,0.2722465295901268,0.8544493059180254
영등포구청환승주차장,노외 주차장,37.52616,126.89724,영등포구,24.0,1,0,20,4323,1.0,0.1559984547969715,0.8311996909593944
영등포동제1공영(전통시장),노외 주차장,37.52125,126.91222,영등포구,16.142857142857142,1,0,15,4323,0.7203389830508474,0.14127749761319774,0.6045266859633175
영등포동제2공영,노외 주차장,37.5239764,126.9065622,영등포구,24.0,1,62,64,4323,1.0,1.0,1.0
영등포동제3공영,노외 주차장,37.51777,126.90368,영등포구,24.0,1,37,55,4323,1.0,0.6854147278813769,0.9370829455762755
영등포로터리,노상 주차장,37.51509,126.91423,영등포구,8.857142857142858,0,0,14,4323,0.061016949152542375,0.138333306176443,0.07648022055732251
영등포로터리 공영주차장,노상 주차장,37.51509,126.91423,영등포구,8.857142857142858,0,0,14,4323,0.061016949152542375,0.138333306176443,0.07648022055732251
영등포본동제1공영,노외 주차장,37.5222786,126.9078574,영등포구,24.0,1,0,67,4323,1.0,0.2943754523244448,0.858875090464889
영등포전통시장 공영주차장,노외 주차장,37.52125,126.91222,영등포구,24.0,1,0,15,4323,1.0,0.14127749761319774,0.8282554995226395
영등포중앙시장 노상주차장,노상 주차장,37.5259675,126.9049108,영등포구,8.857142857142858,0,0,53,4323,0.061016949152542375,0.25315677220987826,0.09944491376400956
영희초교 공영주차장,노외 주차장,37.48754,127.08705,강남구,24.0,1,0,57,15468,1.0,0.7036617533843854,0.9407323506768771
오류1동 텃골주차장,노외 주차장,37.4910095,126.8377379,구로구,24.0,1,0,26,3621,1.0,0.1460290401846515,0.8292058080369303
오패산공영주차장,노외 주차장,37.628995,127.0257543,강북구,24.0,1,0,14,1856,1.0,0.04121868011456651,0.8082437360229133
옥수역 공영주차장,노상 주차장,37.54226979,127.01695354,성동구,8.857142857142858,0,0,38,4331,0.061016949152542375,0.20930882445608234,0.09067532421325038
옥수유수지(평면) 공영주차장,노외 주차장,37.54176,127.01648,성동구,24.0,1,0,38,4331,1.0,0.20930882445608234,0.8418617648912166
온수역(남) 공영주차장,노상 주차장,37.49185054,126.8241372,구로구,8.857142857142858,0,0,0,3621,0.061016949152542375,0.06948006282902795,0.0627095718878395
온조대왕 문화체육관옆,노외 주차장,37.56528,127.15761,강동구,9.0,1,0,58,5653,0.4661016949152542,0.32023381073223967,0.43692811807865134
외대역주차빌딩 공영,노외 주차장,37.60021,127.06124,동대문구,24.0,1,0,0,3021,1.0,0.04586077801462752,0.8091721556029255
요업기술원-LG전자뒤,노상 주차장,37.4753253,126.8863954,금천구,14.714285714285714,0,0,40,2257,0.2694915254237288,0.13355321282114765,0.24230386290321257
용답 어울림 공영주차장,노외 주차장,37.5613328,127.0580146,성동구,24.0,1,1,17,4331,1.0,0.15900430625174578,0.8318008612503492
용답동(건물) 공영주차장,노외 주차장,37.5613328,127.0580146,성동구,24.0,1,1,17,4331,1.0,0.15900430625174578,0.8318008612503492
용답제2(평면) 공영주차장,노외 주차장,37.5613328,127.0580146,성동구,24.0,1,1,17,4331,1.0,0.15900430625174578,0.8318008612503492
용마폭포공원공영주차장,노외 주차장,37.5804084,127.0878903,중랑구,18.0,1,1,2,3158,0.7864406779661017,0.06866573288827167,0.6428856889505358
용문동 공영주차장,노외 주차장,37.53857,126.95576,용산구,24.0,1,0,178,2674,1.0,0.5562670340393115,0.9112534068078624
용산2가소월주차장,노외 주차장,37.54305,126.98558,용산구,24.0,1,0,0,2674,1.0,0.03220095829696593,0.8064401916593932
용산구 이태원동 258-29,노외 주차장,37.53842,126.992,용산구,15.0,1,0,0,2674,0.6796610169491526,0.03220095829696593,0.5501690052187153
용산구 한강로1가 236-5,노외 주차장,37.53517,126.97404,용산구,9.857142857142858,1,0,11,2674,0.4966101694915254,0.0645870641012682,0.410205548413474
용산구 한강로2가 148-4,노외 주차장,37.53142,126.9685,용산구,24.0,1,0,19,2674,1.0,0.0881405955953062,0.8176281191190613
용산구 한강로2가 2-28,노외 주차장,37.53142,126.9685,용산구,8.857142857142858,1,0,19,2674,0.4610169491525424,0.0881405955953062,0.38644167844109517
용산구 한강로2가 2-39,노외 주차장,37.53142,126.9685,용산구,24.0,1,0,19,2674,1.0,0.0881405955953062,0.8176281191190613
용산동2가동 기계식 공영주차장,노외 주차장,37.54305,126.98558,용산구,24.0,1,0,0,2674,1.0,0.03220095829696593,0.8064401916593932
용산전자상가 4,노외 주차장,37.53427,126.9578,용산구,14.0,1,0,0,2674,0.6440677966101696,0.03220095829696593,0.5216944289475288
용산전자상가2,노외 주차장,37.52754,126.96297,용산구,13.5,1,0,25,2674,0.6262711864406779,0.10580574421583469,0.5221780979957092
용산전자상가3,노외 주차장,37.52754,126.96297,용산구,14.0,1,0,25,2674,0.6440677966101696,0.10580574421583469,0.5364153861313026
용산전자상가4,노외 주차장,37.53427,126.9578,용산구,14.0,1,0,0,2674,0.6440677966101696,0.03220095829696593,0.5216944289475288
용산주차빌딩,노외 주차장,37.53142,126.9685,용산구,24.0,1,0,19,2674,1.0,0.0881405955953062,0.8176281191190613
용산주차빌딩 공영주차장,노외 주차장,37.53436379,126.96541818,용산구,24.0,1,14,29,2674,1.0,0.27891153750803876,0.8557823075016078
우리공영주차장,노외 주차장,37.53608,126.87585,양천구,10.0,1,0,3,3941,0.5016949152542373,0.09090958904030579,0.419537850011451
우리은행,노상 주차장,37.4753253,126.8863954,금천구,10.142857142857142,0,0,40,2257,0.10677966101694909,0.13355321282114765,0.11213437137778881
우이동 공영주차장,노외 주차장,37.6575291,127.0089505,강북구,24.0,1,0,1,1856,1.0,0.0029441914367547505,0.800588838287351
웃우물 공영주차장,노외 주차장,37.52379759,126.85141746,양천구,24.0,1,0,0,3941,1.0,0.08207701473004153,0.8164154029460083
웅진코웨이~sk트윈타워,노상 주차장,37.4753253,126.8863954,금천구,14.714285714285714,0,0,40,2257,0.2694915254237288,0.13355321282114765,0.24230386290321257
원묵 고등학교 공용 지하주차장,노외 주차장,37.61083,127.08109,중랑구,24.0,1,0,7,3158,1.0,0.07186318810453221,0.8143726376209065
원서공원 앞,노상 주차장,37.581572,126.9922844,종로구,10.0,0,0,0,1896,0.10169491525423725,0.0015746189876266936,0.08167085600091514
원신공영주차장,노외 주차장,37.4868971,126.928177,관악구,24.0,1,0,0,3005,1.0,0.04523093041957684,0.8090461860839154
원효대교 남단 공영주차장,노상 주차장,37.52234322,126.93684128,영등포구,24.0,0,0,4,4323,0.6,0.10889139180889547,0.5017782783617791
유경백화점뒤,노상 주차장,37.64802,127.07678,노원구,9.714285714285714,0,0,71,3918,0.09152542372881355,0.2902092008217435,0.13126217914739954
유료주차장,노외 주차장,37.54048,127.05601,성동구,24.0,1,3,61,4331,1.0,0.3115957334039812,0.8623191466807962
유수지복개(양평)주차장,노외 주차장,37.5282501,126.8914746,영등포구,24.0,1,3,36,4323,1.0,0.2376760236875872,0.8475352047375175
유진상가앞,노상 주차장,37.5871,126.94676,서대문구,7.857142857142857,0,0,0,2799,0.025423728813559286,0.037121642633299354,0.027763311577507298
은마아파트,노상 주차장,37.49882,127.06566,강남구,14.0,0,0,15,15468,0.24406779661016947,0.5800057130406859,0.3112553798962728
은평평화공원,노외 주차장,37.6040879,126.9317233,은평구,24.0,1,0,6,3656,1.0,0.08852300306372982,0.817704600612746
은평한문화공영주차장,노외 주차장,37.6421169,126.9354305,은평구,24.0,1,0,0,3656,1.0,0.07085785444320132,0.8141715708886403
은행나무공영주차장,노외 주차장,37.58178,127.09034,중랑구,24.0,1,0,0,3158,1.0,0.05125384804724895,0.8102507696094499
을지로 공영주차장,노상 주차장,37.56664646,126.99696895,중구,8.857142857142858,0,1,2,2000,0.061016949152542375,0.023080513196478827,0.05342966196132967
응봉역공영주차장,노외 주차장,37.55236,127.03356,성동구,24.0,1,0,18,4331,1.0,0.15042499572098733,0.8300849991441975
응암3동 공동주차장,노외 주차장,37.59418,126.92555,은평구,24.0,1,0,125,3656,1.0,0.43888178403754513,0.8877763568075091
이수 공영주차장,노외 주차장,37.4798789,126.9939103,서초구,24.0,1,6,16,8665,1.0,0.38428759196190965,0.876857518392382
이수공영주차장,노외 주차장,37.4798789,126.9939103,서초구,24.0,1,6,16,8665,1.0,0.38428759196190965,0.876857518392382
이태원2동 공영주차장,노외 주차장,37.53842,126.992,용산구,24.0,1,0,0,2674,1.0,0.03220095829696593,0.8064401916593932
이화공영,노외 주차장,37.57663,127.00515,종로구,24.0,1,4,9,1896,1.0,0.07416634978847232,0.8148332699576946
인수동공영주차장,노외 주차장,37.6352212,127.0090642,강북구,24.0,1,0,0,1856,1.0,0.0,0.8
일원1동(기계식),노외 주차장,37.48754,127.08705,강남구,19.0,1,0,57,15468,0.8220338983050848,0.7036617533843854,0.7983594693209449
일원동맛의거리,노상 주차장,37.48754,127.08705,강남구,14.0,0,0,57,15468,0.24406779661016947,0.7036617533843854,0.3359865879650127
일원역 공영주차장,노외 주차장,37.48468629,127.08408987,강남구,8.857142857142858,1,2,33,15468,0.4610169491525424,0.6560481628372978,0.5000231918894935
일원터널 공영주차장,노외 주차장,37.48285728,127.07937197,강남구,24.0,1,0,2,15468,1.0,0.541731224362874,0.9083462448725749
자양4동 공영주차장,노외 주차장,37.5329735,127.0727409,광진구,24.0,1,0,24,2445,1.0,0.0938468590749171,0.8187693718149834
자양유수지 공영주차장,노외 주차장,37.5329735,127.0727409,광진구,24.0,1,0,24,2445,1.0,0.0938468590749171,0.8187693718149834
자양전통시장 공영주차장,노외 주차장,37.5329735,127.0727409,광진구,11.0,1,0,24,2445,0.5372881355932204,0.0938468590749171,0.44859988028955977
잠실역 공영주차장,노외 주차장,37.51427683,127.10341414,송파구,24.0,1,0,182,7851,1.0,0.7718388622599156,0.9543677724519832
잠원동방음언덕형공영주차장,노외 주차장,37.5182544,127.0124028,서초구,24.0,1,3,65,8665,1.0,0.4939824664603528,0.8987964932920707
장안1동 공영주차장,노외 주차장,37.56941,127.066994,동대문구,24.0,1,2,11,3021,1.0,0.10129388775395623,0.8202587775507912
장안1동(군자유치원) 노외주차장,노외 주차장,37.57105,127.06806,동대문구,8.857142857142858,1,0,9,3021,0.4610169491525424,0.07235850094542028,0.38328525951111797
장안2동 공영주차장,노외 주차장,37.5782752,127.07061896,동대문구,24.0,1,0,10,3021,1.0,0.07530269238217503,0.815060538476435
장안공원지하주차장,노외 주차장,37.57105,127.06806,동대문구,17.0,1,0,9,3021,0.7508474576271187,0.07235850094542028,0.615149666290779
장영당길 공영주차장(구3동),노외 주차장,37.57002,127.05467,동대문구,10.0,1,0,0,3021,0.5016949152542373,0.04586077801462752,0.41052808780631533
장위1동동방고개공영주차장,노외 주차장,37.6162,127.05086,성북구,24.0,1,0,0,3533,1.0,0.06601590105624923,0.8132031802112499
장위전통시장 공영주차장,노외 주차장,37.6162,127.05086,성북구,24.0,1,0,0,3533,1.0,0.06601590105624923,0.8132031802112499
장지동공영(체비지),노외 주차장,37.48434,127.12246,송파구,15.0,1,5,83,7851,0.6796610169491526,0.5379814198587615,0.6513250975310745
장충 공영주차장,노외 주차장,37.5541467,127.0002445,중구,24.0,1,0,12,2000,1.0,0.04099892559651312,0.8081997851193027
전통시장주차장(영등포동제1),노외 주차장,37.52125,126.91222,영등포구,24.0,1,0,15,4323,1.0,0.14127749761319774,0.8282554995226395
정릉시장,노외 주차장,37.61654,126.99794,성북구,24.0,1,0,6,3533,1.0,0.08368104967677772,0.8167362099353556
정릉시장공영주차장,노외 주차장,37.61654,126.99794,성북구,24.0,1,0,6,3533,1.0,0.08368104967677772,0.8167362099353556
정릉천복개 공영주차장,노외 주차장,37.58465,127.03678,동대문구,8.857142857142858,1,0,1,3021,0.4610169491525424,0.048804969451382275,0.37857455321231037
제방도로 공영주차장,노상 주차장,37.4945849,126.8845477,구로구,8.857142857142858,0,0,0,3621,0.061016949152542375,0.06948006282902795,0.0627095718878395
조원동 제1공영주차장,노외 주차장,37.4868971,126.928177,관악구,24.0,1,0,0,3005,1.0,0.04523093041957684,0.8090461860839154
조원동제2공영,노상 주차장,37.4868971,126.928177,관악구,9.142857142857142,0,0,0,3005,0.07118644067796608,0.04523093041957684,0.06599533862628823
종각,노상 주차장,37.5687846,126.9857059,종로구,11.142857142857142,0,0,31,1896,0.14237288135593218,0.09284455352702396,0.13246721579015053
종묘주차장 공영주차장,노외 주차장,37.57150398,126.99496888,종로구,24.0,1,0,20,1896,1.0,0.06045844772272171,0.8120916895445444
주공12단지상가뒤,노상 주차장,37.66727,127.07242,노원구,9.714285714285714,0,0,1,3918,0.09152542372881355,0.08411580024891092,0.09004349903283303
주공5단지옆,노상 주차장,37.64802,127.07678,노원구,9.714285714285714,0,0,71,3918,0.09152542372881355,0.2902092008217435,0.13126217914739954
주공6단지상가주변,노상 주차장,37.66727,127.07242,노원구,9.714285714285714,0,0,1,3918,0.09152542372881355,0.08411580024891092,0.09004349903283303
주공7단지옆,노상 주차장,37.66727,127.07242,노원구,9.714285714285714,0,0,1,3918,0.09152542372881355,0.08411580024891092,0.09004349903283303
주양쇼핑앞 노상주차장,노상 주차장,37.54841,127.15158,강동구,13.285714285714286,0,0,6,5653,0.21864406779661022,0.16713585602099262,0.2083424254414867
주양쇼핑옆 노상주차장,노상 주차장,37.54841,127.15158,강동구,13.285714285714286,0,0,6,5653,0.21864406779661022,0.16713585602099262,0.2083424254414867
중계4동 임시공영주차장,노외 주차장,37.64802,127.07678,노원구,8.714285714285714,1,0,71,3918,0.4559322033898305,0.2902092008217435,0.42278760287621314
중계근린공원공영주차장,노외 주차장,37.64802,127.07678,노원구,11.285714285714286,1,0,71,3918,0.5474576271186441,0.2902092008217435,0.496007941859264
중곡3동공영주차장,노외 주차장,37.56286,127.08921,광진구,24.0,1,0,0,2445,1.0,0.023186264592803103,0.8046372529185607
중곡시장주차장,노외 주차장,37.56286,127.08921,광진구,10.0,1,0,0,2445,0.5016949152542373,0.023186264592803103,0.40599318512195043
중곡초교,노외 주차장,37.58178,127.09034,중랑구,24.0,1,0,0,3158,1.0,0.05125384804724895,0.8102507696094499
중구구민회관 부설,노외 주차장,37.56719,127.00646,중구,24.0,1,0,21,2000,1.0,0.06749664852730587,0.8134993297054612
중구종합복지센터 공영주차장,노외 주차장,37.5651969,127.01322,중구,10.857142857142858,1,0,11,2000,0.5322033898305085,0.03805473415975837,0.4333736586963585
중림종합복지센터 부설주차장),노외 주차장,37.5567609,126.9663037,중구,24.0,1,0,31,2000,1.0,0.09693856289485338,0.8193877125789707
중마루공원앞,노상 주차장,37.52125,126.91222,영등포구,8.857142857142858,0,0,15,4323,0.061016949152542375,0.14127749761319774,0.07706905884467345
중마루공원앞 노상주차장,노상 주차장,37.52125,126.91222,영등포구,8.857142857142858,0,0,15,4323,0.061016949152542375,0.14127749761319774,0.07706905884467345
중산공영주차장,노외 주차장,37.57002,127.05467,동대문구,10.0,1,0,0,3021,0.5016949152542373,0.04586077801462752,0.41052808780631533
중앙로공영주차빌딩,노외 주차장,37.4798789,126.9939103,서초구,24.0,1,6,16,8665,1.0,0.38428759196190965,0.876857518392382
중화1동공영주차장,노외 주차장,37.59755,127.07783,중랑구,24.0,1,0,5,3158,1.0,0.06597480523102271,0.8131949610462046
진주아파트 옆 노상주차장,노상 주차장,37.5267088,126.9238,영등포구,8.857142857142858,0,0,43,4323,0.061016949152542375,0.22371485784233072,0.09355653089050006
진흥로 공영주차장,노상 주차장,37.60134935,126.92020205,은평구,13.285714285714286,0,0,15,3656,0.21864406779661022,0.11502072599452257,0.1979193994361927
창1동 1공영주차장,노외 주차장,37.64643,127.04326,도봉구,9.0,1,0,2,2535,0.4661016949152542,0.03261754018847266,0.3794048639698979
창2동 4공영주차장,노외 주차장,37.64643,127.04326,도봉구,9.0,1,0,2,2535,0.4661016949152542,0.03261754018847266,0.3794048639698979
창2동4공영주차장,노외 주차장,37.64643,127.04326,도봉구,9.0,1,0,2,2535,0.4661016949152542,0.03261754018847266,0.3794048639698979
창3동 1공영주차장,노외 주차장,37.64643,127.04326,도봉구,9.0,1,0,2,2535,0.4661016949152542,0.03261754018847266,0.3794048639698979
창동역 구청별관주차장,노상 주차장,37.64643,127.04326,도봉구,10.0,0,0,2,2535,0.10169491525423725,0.03261754018847266,0.08787944024108435
창동역(서) 공영주차장,노외 주차장,37.65237042,127.04567683,도봉구,24.0,1,3,27,2535,1.0,0.1407928320098811,0.8281585664019763
창신1동공영주차장(창일공영),노외 주차장,37.57595,127.01313,종로구,9.0,1,0,2,1896,0.4661016949152542,0.007463001861136196,0.37437395630443066
창천중교 공영주차장,노외 주차장,37.553881,126.937312,마포구,24.0,1,3,15,4083,1.0,0.16640028958997724,0.8332800579179955
천마 공영주차장,노외 주차장,37.49803,127.15167,송파구,24.0,1,0,3,7851,1.0,0.2448285950808153,0.8489657190161631
천마(건축물식),노외 주차장,37.49803,127.15167,송파구,24.0,1,0,3,7851,1.0,0.2448285950808153,0.8489657190161631
천왕역 공영주차장,노외 주차장,37.48728845,126.83918316,구로구,24.0,1,11,61,3621,1.0,0.3758342621137131,0.8751668524227427
천호1동 주차장,노외 주차장,37.54294,127.12733,강동구,24.0,1,0,30,5653,1.0,0.23779645050310663,0.8475592901006214
천호2동노외주차장,노외 주차장,37.54294,127.12733,강동구,11.0,1,0,30,5653,0.5372881355932204,0.23779645050310663,0.4773897985751977
천호2동제2,노상 주차장,37.54294,127.12733,강동구,11.0,0,0,30,5653,0.13728813559322034,0.23779645050310663,0.1573897985751976
천호3동 제2공영주차장,노외 주차장,37.54294,127.12733,강동구,24.0,1,0,30,5653,1.0,0.23779645050310663,0.8475592901006214
천호3동 주차장,노외 주차장,37.54294,127.12733,강동구,24.0,1,0,30,5653,1.0,0.23779645050310663,0.8475592901006214
천호3동제2 주차장,노외 주차장,37.54294,127.12733,강동구,24.0,1,0,30,5653,1.0,0.23779645050310663,0.8475592901006214
천호역 공영주차장,노외 주차장,37.53849749,127.12512853,강동구,24.0,1,21,72,5653,1.0,0.6034460321645837,0.9206892064329169
천호유수지 주차장,노외 주차장,37.54294,127.12733,강동구,24.0,1,0,30,5653,1.0,0.23779645050310663,0.8475592901006214
청계5가 공영주차장,노상 주차장,37.569558765,127.008434745,중구,8.857142857142858,0,0,39,2000,0.061016949152542375,0.1204920943888914,0.07291197819981218
청계7가 공영주차장,노상 주차장,37.57167001,127.01971298,종로구,8.857142857142858,0,0,94,1896,0.061016949152542375,0.27832861404257325,0.10447928213054855
청계산 청룡주차장,노외 주차장,37.44505,127.05985,서초구,21.142857142857142,1,0,0,8665,0.8983050847457628,0.2680395171687543,0.7722519712303612
청계주차장,노외 주차장,37.57616,127.03476,동대문구,24.0,1,0,15,3021,1.0,0.09002364956594879,0.8180047299131898
청구 공영주차장,노외 주차장,37.5651969,127.01322,중구,24.0,1,0,11,2000,1.0,0.03805473415975837,0.8076109468319517
청구건영아파트옆,노상 주차장,37.64802,127.07678,노원구,9.714285714285714,0,0,71,3918,0.09152542372881355,0.2902092008217435,0.13126217914739954
청기와 유료 주차장,노상 주차장,37.5550711,126.9238244,마포구,14.0,0,0,16,4083,0.24406779661016947,0.13477397512419234,0.22220903231297406
청기와노상공영주차장,노상 주차장,37.5550711,126.9238244,마포구,14.0,0,0,16,4083,0.24406779661016947,0.13477397512419234,0.22220903231297406
청량리동 노외주차장,노외 주차장,37.5882073,127.0462518,동대문구,10.0,1,0,23,3021,0.5016949152542373,0.11357718105998679,0.4240713684153872
청파동1마을공원공영주차장,노외 주차장,37.5430014,126.9666002,용산구,24.0,1,0,2,2674,1.0,0.03808934117047543,0.8076178682340951
청파동청사,노외 주차장,37.54655,126.96675,용산구,24.0,1,0,19,2674,1.0,0.0881405955953062,0.8176281191190613
초동 공영주차장,노외 주차장,37.56431,126.99195,중구,14.428571428571429,1,2,7,2000,0.6593220338983051,0.0493249723477658,0.5373226215881972
초안산근린공원주차장,노외 주차장,37.64643,127.04326,도봉구,10.0,1,0,2,2535,0.5016949152542373,0.03261754018847266,0.40787944024108436
초안산꽃동산공영주차장,노외 주차장,37.64643,127.04326,도봉구,10.0,1,0,2,2535,0.5016949152542373,0.03261754018847266,0.40787944024108436
충현동 제1공영주차장,노외 주차장,37.56423,126.96346,서대문구,12.0,1,0,16,2799,0.5728813559322034,0.08422870562137537,0.47515082587003776
큰마을길,노상 주차장,37.628995,127.0257543,강북구,8.857142857142858,0,0,14,1856,0.061016949152542375,0.04121868011456651,0.05705729534494721
탄천,노외 주차장,37.5122807,127.0855986,송파구,24.0,1,0,41,7851,1.0,0.35670786967749585,0.8713415739354993
탄천제2호 공영주차장,노외 주차장,37.48754,127.08705,강남구,24.0,1,0,57,15468,1.0,0.7036617533843854,0.9407323506768771
태양빌딩앞 노상주차장,노상 주차장,37.5267088,126.9238,영등포구,8.857142857142858,0,0,43,4323,0.061016949152542375,0.22371485784233072,0.09355653089050006
태화관,노상 주차장,37.5716543,126.9864242,종로구,10.857142857142858,0,0,20,1896,0.13220338983050847,0.06045844772272171,0.11785440140895112
테헤란로26길,노상 주차장,37.49988,127.03856,강남구,14.0,0,0,44,15468,0.24406779661016947,0.6653872647065736,0.3283316902294503
테헤란로64길,노상 주차장,37.49882,127.06566,강남구,14.0,0,0,15,15468,0.24406779661016947,0.5800057130406859,0.3112553798962728
테헤란로69길 노상공영 주차장,노상 주차장,37.5147838,127.0543618,강남구,14.0,0,0,3,15468,0.24406779661016947,0.5446754157996289,0.30418932044806135
파리공원,노상 주차장,37.53608,126.87585,양천구,8.857142857142858,0,0,3,3941,0.061016949152542375,0.09090958904030579,0.06699547713009507
파미에(반포천) 주차장,노외 주차장,37.504517,127.007933,서초구,24.0,1,0,27,8665,1.0,0.34753268596113257,0.8695065371922266
포이초교 공영주차장,노외 주차장,37.48421,127.07006,강남구,24.0,1,0,3,15468,1.0,0.5446754157996289,0.9089350831599259
풍납1,노외 주차장,37.53387,127.11094,송파구,24.0,1,2,2,7851,1.0,0.26493140757908695,0.8529862815158175
풍납2,노외 주차장,37.53387,127.11094,송파구,24.0,1,2,2,7851,1.0,0.26493140757908695,0.8529862815158175
풍납유수지,노외 주차장,37.49672,127.11744,송파구,24.0,1,10,65,7851,1.0,0.5426034838347421,0.9085206967669485
필동 공영주차장,노외 주차장,37.5581985,126.9966383,중구,24.0,1,0,1,2000,1.0,0.008612819792210864,0.8017225639584422
하늘 공영주차장,노외 주차장,37.5162407,126.8521196,양천구,10.0,1,0,26,3941,0.5016949152542373,0.15862599208566505,0.43308113062052284
하늘공원주차장,노외 주차장,37.4838745,126.8889756,구로구,24.0,1,0,1,3621,1.0,0.07242425426578271,0.8144848508531566
하왕십리(건물) 공영주차장,노외 주차장,37.55783,127.03571,성동구,24.0,1,3,8,4331,1.0,0.15555358725597948,0.8311107174511959
학여울 공영주차장,노외 주차장,37.49705092,127.07239543,강남구,24.0,1,2,18,15468,1.0,0.6118852912859765,0.9223770582571953
한강진역 공영주차장,노외 주차장,37.53952176,127.00257963,용산구,24.0,1,5,8,2674,1.0,0.11337199962857003,0.822674399925714
한국거래소앞 노상주차장,노상 주차장,37.5267088,126.9238,영등포구,8.857142857142858,0,0,43,4323,0.061016949152542375,0.22371485784233072,0.09355653089050006
한국통신,노상 주차장,37.53608,126.87585,양천구,8.857142857142858,0,0,3,3941,0.061016949152542375,0.09090958904030579,0.06699547713009507
한남동 공영주차장,노외 주차장,37.53822,127.0074,용산구,24.0,1,0,6,2674,1.0,0.049866106917494435,0.8099732213834989
한남유수지공영주차장,노외 주차장,37.53822,127.0074,용산구,24.0,1,0,6,2674,1.0,0.049866106917494435,0.8099732213834989
한누리,노외 주차장,37.4856963,126.9723525,동작구,24.0,1,2,34,2867,1.0,0.16294800769695272,0.8325896015393905
한두공영주차장,노외 주차장,37.53608,126.87585,양천구,24.0,1,0,3,3941,1.0,0.09090958904030579,0.8181819178080612
한마음 공영주차장,노외 주차장,37.53608,126.87585,양천구,24.0,1,0,3,3941,1.0,0.09090958904030579,0.8181819178080612
한마음주차장,노외 주차장,37.53608,126.87585,양천구,24.0,1,0,3,3941,1.0,0.09090958904030579,0.8181819178080612
한문화공영주차장,노외 주차장,37.6421169,126.9354305,은평구,24.0,1,0,0,3656,1.0,0.07085785444320132,0.8141715708886403
한서 공영주차장,노외 주차장,37.54914,126.94915,마포구,18.285714285714285,1,0,9,4083,0.7966101694915255,0.11416463506690908,0.6601210626066023
한신동성아파트옆,노상 주차장,37.63793,127.07251,노원구,9.714285714285714,0,3,26,3918,0.09152542372881355,0.19229109207031936,0.11167855739711471
한울주차장,노외 주차장,37.52782,126.83692,양천구,24.0,1,0,22,3941,1.0,0.14684922633864606,0.8293698452677293
한전 뒷길 노상주차장,노상 주차장,37.5162407,126.8521196,양천구,8.285714285714286,0,0,26,3941,0.04067796610169494,0.15862599208566505,0.06426757129848897
한진해운 앞 노상주차장,노상 주차장,37.5267088,126.9238,영등포구,8.857142857142858,0,0,43,4323,0.061016949152542375,0.22371485784233072,0.09355653089050006
해군본부앞 공영주차장,노상 주차장,37.50434092,126.92099226,영등포구,8.857142857142858,0,3,18,4323,0.061016949152542375,0.18468057782600164,0.08574967488723423
해맞이공영주차장,노외 주차장,37.52782,126.83692,양천구,24.0,1,0,22,3941,1.0,0.14684922633864606,0.8293698452677293
행운동제1공영주차장,노외 주차장,37.484665,126.9484961,관악구,24.0,1,3,4,3005,1.0,0.0915782020691355,0.8183156404138271
행운동제1공영주차장(舊 봉천6동 까치공영주차장),노외 주차장,37.484665,126.9484961,관악구,24.0,1,3,4,3005,1.0,0.0915782020691355,0.8183156404138271
헌릉로745길,노상 주차장,37.4714,127.1113,강남구,14.0,0,0,5,15468,0.24406779661016947,0.5505637986731384,0.30536699702276326
현대41타워옆 노상공영주차장,노상 주차장,37.53608,126.87585,양천구,10.0,0,0,3,3941,0.10169491525423725,0.09090958904030579,0.09953785001145096
호성빌딩 앞 노상주차장,노상 주차장,37.5267088,126.9238,영등포구,8.857142857142858,0,0,43,4323,0.061016949152542375,0.22371485784233072,0.09355653089050006
홍우빌딩 앞 노상주차장,노상 주차장,37.5267088,126.9238,영등포구,8.857142857142858,0,0,43,4323,0.061016949152542375,0.22371485784233072,0.09355653089050006
홍은 1동 제4 공영 주차장,노외 주차장,37.59296,126.93733,서대문구,9.0,1,0,0,2799,0.4661016949152542,0.037121642633299354,0.38030568445886326
홍은1동 제1공영주차장,노외 주차장,37.59296,126.93733,서대문구,12.0,1,0,0,2799,0.5728813559322034,0.037121642633299354,0.46572941327242257
홍은1동 제4공영주차장,노외 주차장,37.59296,126.93733,서대문구,9.0,1,0,0,2799,0.4661016949152542,0.037121642633299354,0.38030568445886326
홍은2동 제1공영주차장,노외 주차장,37.59296,126.93733,서대문구,12.0,1,0,0,2799,0.5728813559322034,0.037121642633299354,0.46572941327242257
홍은2동 제3공영주차장,노외 주차장,37.59296,126.93733,서대문구,12.0,1,0,0,2799,0.5728813559322034,0.037121642633299354,0.46572941327242257
홍익동(건물) 공영주차장,노외 주차장,37.5660138,127.0327281,성동구,24.0,1,0,37,4331,1.0,0.2063646330193276,0.8412729266038655
홍제견인보관소,노외 주차장,37.5871,126.94676,서대문구,12.0,1,0,0,2799,0.5728813559322034,0.037121642633299354,0.46572941327242257
화곡 8-1 공영주차장,노외 주차장,37.54208,126.84656,강서구,24.0,1,0,5,8009,1.0,0.2569367229554502,0.8513873445910901
화곡1-2 공영주차장,노외 주차장,37.54208,126.84656,강서구,24.0,1,0,5,8009,1.0,0.2569367229554502,0.8513873445910901
화곡1동 달구지길,노상 주차장,37.54208,126.84656,강서구,8.857142857142858,0,0,5,8009,0.061016949152542375,0.2569367229554502,0.10020090391312395
화곡2-1 공영주차장,노외 주차장,37.54208,126.84656,강서구,18.642857142857142,1,0,5,8009,0.8093220338983051,0.2569367229554502,0.6988449717097343
화곡2동 배다리동길,노상 주차장,37.54208,126.84656,강서구,8.857142857142858,0,0,5,8009,0.061016949152542375,0.2569367229554502,0.10020090391312395
화곡4-1 공영주차장,노외 주차장,37.54208,126.84656,강서구,24.0,1,0,5,8009,1.0,0.2569367229554502,0.8513873445910901
화곡4동 배다리동길,노상 주차장,37.54208,126.84656,강서구,8.857142857142858,0,0,5,8009,0.061016949152542375,0.2569367229554502,0.10020090391312395
화곡5-1 공영주차장,노외 주차장,37.54208,126.84656,강서구,24.0,1,0,5,8009,1.0,0.2569367229554502,0.8513873445910901
화곡5-2 공영주차장,노외 주차장,37.54208,126.84656,강서구,24.0,1,0,5,8009,1.0,0.2569367229554502,0.8513873445910901
화곡5-3 공영주차장,노외 주차장,37.54208,126.84656,강서구,24.0,1,0,5,8009,1.0,0.2569367229554502,0.8513873445910901
화곡6-1 공영주차장,노외 주차장,37.54208,126.84656,강서구,24.0,1,0,5,8009,1.0,0.2569367229554502,0.8513873445910901
화곡6동 방죽길,노상 주차장,37.54208,126.84656,강서구,8.857142857142858,0,0,5,8009,0.061016949152542375,0.2569367229554502,0.10020090391312395
화곡6동 신학대길,노상 주차장,37.54208,126.84656,강서구,8.857142857142858,0,0,5,8009,0.061016949152542375,0.2569367229554502,0.10020090391312395
화곡7-1 공영주차장,노외 주차장,37.54208,126.84656,강서구,13.285714285714286,1,0,5,8009,0.6186440677966103,0.2569367229554502,0.5463025988283783
화곡8-1 공영주차장,노외 주차장,37.54208,126.84656,강서구,24.0,1,0,5,8009,1.0,0.2569367229554502,0.8513873445910901
화곡8-2 공영주차장,노외 주차장,37.54208,126.84656,강서구,18.642857142857142,1,0,5,8009,0.8093220338983051,0.2569367229554502,0.6988449717097343
화곡8동 배다리동길,노상 주차장,37.54208,126.84656,강서구,8.857142857142858,0,0,5,8009,0.061016949152542375,0.2569367229554502,0.10020090391312395
화곡본-1 공영주차장,노외 주차장,37.54208,126.84656,강서구,18.642857142857142,1,0,5,8009,0.8093220338983051,0.2569367229554502,0.6988449717097343
화곡본-2 공영주차장,노외 주차장,37.54208,126.84656,강서구,18.642857142857142,1,0,5,8009,0.8093220338983051,0.2569367229554502,0.6988449717097343
화양동 공영,노외 주차장,37.54408,127.06895,광진구,24.0,1,0,0,2445,1.0,0.023186264592803103,0.8046372529185607
화양동공영주차장,노외 주차장,37.54408,127.06895,광진구,24.0,1,0,0,2445,1.0,0.023186264592803103,0.8046372529185607
회기동 공영주차장,노외 주차장,37.59433,127.05178,동대문구,24.0,1,0,16,3021,1.0,0.09296784100270353,0.8185935682005407
효봉공영주차장,노외 주차장,37.4507049,126.9085555,금천구,24.0,1,2,2,2257,1.0,0.044720942159493564,0.8089441884318987
효자 공영주차장,노외 주차장,37.58247,126.97168,종로구,24.0,1,0,0,1896,1.0,0.0015746189876266936,0.8003149237975253
후암동주차장,노외 주차장,37.55011,126.98028,용산구,24.0,1,0,2,2674,1.0,0.03808934117047543,0.8076178682340951
훈련원공원 공영주차장,노외 주차장,37.56740014,127.00352062,중구,24.0,1,17,27,2000,1.0,0.2810613305955591,0.8562122661191118
휘경마을 공영주차장,노외 주차장,37.58773,127.06526,동대문구,24.0,1,0,6,3021,1.0,0.06352592663515604,0.8127051853270313
휘경유수지,노외 주차장,37.58773,127.06526,동대문구,24.0,1,0,6,3021,1.0,0.06352592663515604,0.8127051853270313
휘경유수지 공영주차장,노외 주차장,37.58773,127.06526,동대문구,24.0,1,0,6,3021,1.0,0.06352592663515604,0.8127051853270313
흑석빗물펌프장공영주차장,노외 주차장,37.5064393,126.963687,동작구,24.0,1,0,23,2867,1.0,0.10751489795762402,0.8215029795915249
