연도,자치구명,행정동명,행정동코드,월,전력사용량,평균생활인구,log_전력,log_인구
2023,종로구,청운효자동,11110515,1,4225.082,16648.452198924733,8.348793947886959,9.720072530061904
2023,종로구,청운효자동,11110515,12,3525.026,16632.941605645163,8.167643091105692,9.71914044203136
2023,종로구,사직동,11110530,1,20072.814,23237.597015725805,9.907121641229546,10.053526806984978
2023,종로구,사직동,11110530,12,17927.281,26255.99631142473,9.794078909812642,10.17564967284482
2023,종로구,삼청동,11110540,1,3744.579,5381.900155107527,8.228064473076698,8.590796779481087
2023,종로구,삼청동,11110540,12,3141.94,5556.604262903225,8.052595722516111,8.622742456582335
2023,종로구,부암동,11110550,1,3696.148,13065.309700806452,8.215046475249906,9.477715882289642
2023,종로구,부암동,11110550,12,3022.794,13767.854327150539,8.013936848229946,9.530091757297235
2023,종로구,평창동,11110560,1,7231.587,17866.125551478493,8.886213793140444,9.7906617716343
2023,종로구,평창동,11110560,12,5729.92,17852.329378629034,8.653456848005737,9.789889276095927
2023,종로구,무악동,11110570,1,1929.57,6612.716226344086,7.565052459148324,8.79674977526809
2023,종로구,무악동,11110570,12,1726.812,6376.846634946237,7.454032212927503,8.760428996307747
2023,종로구,교남동,11110580,1,4720.711,7312.873959005376,8.45971470282842,8.897391629925565
2023,종로구,교남동,11110580,12,4468.145,7966.745977150538,8.404728612661609,8.9830314044928
2023,종로구,가회동,11110600,1,4839.165,6426.360682392473,8.48449746416612,8.768163666702034
2023,종로구,가회동,11110600,12,4178.384,6208.141491129032,8.337679847897832,8.733616853344472
2023,종로구,종로1.2.3.4가동,11110615,1,47737.627,59163.51599233871,10.773475191912532,10.98806034697791
2023,종로구,종로1.2.3.4가동,11110615,12,41748.446,64287.08510752688,10.639417508029377,11.0711140363587
2023,종로구,종로5.6가동,11110630,1,10927.781,15974.736068145161,9.29906354134622,9.678763757553394
2023,종로구,종로5.6가동,11110630,12,9573.033,16136.851454569893,9.166705362135648,9.68886084562972
2023,종로구,이화동,11110640,1,20146.022,21393.68683642473,9.910762128530225,9.970851149842924
2023,종로구,이화동,11110640,12,18307.111,27364.42114623656,9.815044842587126,10.216998950284184
2023,종로구,혜화동,11110650,1,9043.346,28519.340631182797,9.109784517647359,10.258337754737227
2023,종로구,혜화동,11110650,12,7897.06,33052.913608467745,8.974245817290676,10.405864998987758
2023,종로구,창신제1동,11110670,1,4404.898,7806.201640456989,8.390472382597078,8.962673778877212
2023,종로구,창신제1동,11110670,12,3456.183,8388.927949596773,8.14792007991096,9.03466801413338
2023,종로구,창신제2동,11110680,1,2894.725,9651.831765994624,7.970645394130709,9.17490299662976
2023,종로구,창신제2동,11110680,12,2311.571,7908.037774731182,7.745682658941845,8.975634961053402
2023,종로구,창신제3동,11110690,1,1477.455,4894.95065094086,7.298076291963642,8.495959473389963
2023,종로구,창신제3동,11110690,12,1333.292,5599.062779166667,7.195406350953408,8.630354501853754
2023,종로구,숭인제1동,11110700,1,2004.232,7435.89266827957,7.6030162239671775,8.914073914670402
2023,종로구,숭인제1동,11110700,12,1706.885,6919.193145161291,7.442425350870639,8.842054444293652
2023,종로구,숭인제2동,11110710,1,5512.527,11737.663529166666,8.61477841770229,9.37055805561684
2023,종로구,숭인제2동,11110710,12,4459.556,13130.337402688172,8.402804488489016,9.482680664048793
2023,중구,소공동,11140520,1,28447.584,26790.389973252688,10.255818515034608,10.195798519105074
2023,중구,소공동,11140520,12,26667.665,29212.862058064515,10.191207061787143,10.282364372713468
2023,중구,회현동,11140540,1,25262.284,23726.589850268818,10.137067811452662,10.07435163283543
2023,중구,회현동,11140540,12,23106.677,27979.26488723118,10.047876902362718,10.239218975080597
2023,중구,명동,11140550,1,40898.475,35519.1030311828,10.618848055272181,10.477825944286772
2023,중구,명동,11140550,12,38546.466,40421.11607043011,10.559619701637484,10.607107602412881
2023,중구,필동,11140570,1,13577.514,10689.341205510753,9.516170321026127,9.277002374946134
2023,중구,필동,11140570,12,11850.905,14124.635588440862,9.380159514955155,9.555675756633406
2023,중구,장충동,11140580,1,8740.106,11182.539002284946,9.075677596722489,9.322108823097473
2023,중구,장충동,11140580,12,7947.143,12177.435499193547,8.980567771989937,9.407339968946781
2023,중구,광희동,11140590,1,22837.699,21543.497903494623,10.036167914386667,9.977829328589268
2023,중구,광희동,11140590,12,20064.239,26289.826076209676,9.90669435524368,10.176937302114736
2023,중구,을지로동,11140605,1,16561.326,17097.38055389785,9.71482549719739,9.746680546774305
2023,중구,을지로동,11140605,12,13707.465,17366.572433736557,9.525695853928235,9.762302512978199
2023,중구,신당동,11140615,1,12787.778,20272.954375134406,9.45624515000402,9.91704297994203
2023,중구,신당동,11140615,12,10821.499,21738.382665994624,9.289290082545948,9.98683476351933
2023,중구,다산동,11140625,1,5390.752,15096.956961962363,8.592440171796596,9.622248476796127
2023,중구,다산동,11140625,12,4330.3,15528.415757258064,8.373392102661171,9.650426899172151
2023,중구,약수동,11140635,1,4408.513,14578.925302553764,8.39129272337155,9.587332292458646
2023,중구,약수동,11140635,12,3762.996,13927.81287983871,8.232970727611209,9.541643046538615
2023,중구,청구동,11140645,1,3631.15,10899.760745833333,8.197304681494689,9.296496118052785
2023,중구,청구동,11140645,12,3149.174,11278.010807795697,8.054895475211199,9.330610162674498
2023,중구,신당제5동,11140650,1,4132.515,8035.714707123655,8.326641459452658,8.991651223453406
2023,중구,신당제5동,11140650,12,3522.105,7980.371687096774,8.166814101218238,8.984740266689586
2023,중구,동화동,11140665,1,4001.834,11263.01530954301,8.294508035023021,9.329279655324319
2023,중구,동화동,11140665,12,3203.147,11134.970098924732,8.07188904302997,9.317845894364533
2023,중구,황학동,11140670,1,7036.615,12879.776047043011,8.85888250965559,9.463413611855238
2023,중구,황학동,11140670,12,6119.242,13306.557535752689,8.719193511626408,9.49601224050267
2023,중구,중림동,11140680,1,6051.947,8207.812433333333,8.708135317434342,9.012841715460038
2023,중구,중림동,11140680,12,5332.078,8843.053918413978,8.581496309848767,9.087387561856024
2023,용산구,후암동,11170510,1,3688.407,13566.131045698925,8.212949936505067,9.515331601322181
2023,용산구,후암동,11170510,12,3141.818,12599.750632123656,8.05255689224925,9.441432301642426
2023,용산구,용산2가동,11170520,1,3090.515,11118.98641532258,8.036093022671112,9.31640941394898
2023,용산구,용산2가동,11170520,12,2614.494,12047.546448118279,7.868825858731691,9.39661630392256
2023,용산구,남영동,11170530,1,8433.921,16477.333097311828,9.040017067414166,9.709740963748695
2023,용산구,남영동,11170530,12,7230.362,17290.16284422043,8.886044383055685,9.757892997037867
2023,용산구,청파동,11170555,1,8453.601,21130.69219341398,9.042347783419613,9.958481868872123
2023,용산구,청파동,11170555,12,7178.91,23236.86192123656,8.878902839932918,10.053495172641895
2023,용산구,원효로제1동,11170560,1,7623.115,20377.342440725806,8.938940357798659,9.922178897916922
2023,용산구,원효로제1동,11170560,12,6431.804,19627.987943548385,8.769010337757686,9.88471178296202
2023,용산구,원효로제2동,11170570,1,14783.708,16091.868912634409,9.601281042604159,9.68606938691634
2023,용산구,원효로제2동,11170570,12,16802.894,16609.829201881723,9.729306412460733,9.717749919705689
2023,용산구,효창동,11170580,1,2059.882,9349.08887311828,7.630403978589578,9.143034170809175
2023,용산구,효창동,11170580,12,1781.539,9256.508401209678,7.4852328764706,9.13308219402993
2023,용산구,용문동,11170590,1,2428.605,8200.26266814516,7.795072297416907,9.011921465439938
2023,용산구,용문동,11170590,12,2140.079,8834.702104301075,7.668598023222373,9.086442666505782
2023,용산구,한강로동,11170625,1,33775.011,50428.24952016129,10.427476488513024,10.828306803386853
2023,용산구,한강로동,11170625,12,30393.659,52505.96044663979,10.32198928011101,10.868681974452358
2023,용산구,이촌제1동,11170630,1,5929.353,24440.434850134407,8.687670379799792,10.103994205685938
2023,용산구,이촌제1동,11170630,12,5240.61,24779.544966935486,8.564193182753453,10.117773792098289
2023,용산구,이촌제2동,11170640,1,1543.256,7598.547812365591,7.341649749165362,8.935712430696508
2023,용산구,이촌제2동,11170640,12,1341.211,8061.853098118279,7.201328216168939,8.99489872199265
2023,용산구,이태원제1동,11170650,1,5547.444,10410.678531048388,8.621092560118575,9.250587340181136
2023,용산구,이태원제1동,11170650,12,4799.998,11637.42817795699,8.476370780229228,9.361981749962153
2023,용산구,이태원제2동,11170660,1,3321.475,11299.484931989247,8.108164240357114,9.332512422421686
2023,용산구,이태원제2동,11170660,12,2689.086,11390.424554569892,7.8969566379069445,9.340528330072273
2023,용산구,한남동,11170685,1,18388.117,30350.940856048386,9.81945991975121,10.320582796206436
2023,용산구,한남동,11170685,12,15693.349,31519.475363172045,9.66099227100637,10.358360899263879
2023,용산구,서빙고동,11170690,1,4527.761,14460.990918951613,8.417982835804452,9.579210021646379
2023,용산구,서빙고동,11170690,12,4122.327,14679.413058870969,8.324173088726038,9.594201319003453
2023,용산구,보광동,11170700,1,3177.324,10529.275405645161,8.063794612072437,9.261914790380963
2023,용산구,보광동,11170700,12,2512.014,10221.77128938172,7.828840100820966,9.232275164726685
2023,성동구,왕십리제2동,11200520,1,3828.344,15178.00107311828,8.250187612694132,9.627602360666074
2023,성동구,왕십리제2동,11200520,12,3163.971,14664.14846061828,8.059583163232393,9.59316091362393
2023,성동구,왕십리도선동,11200535,1,10408.338,29271.207410215055,9.250362494684255,10.284359629611194
2023,성동구,왕십리도선동,11200535,12,8736.061,29129.06124986559,9.075214680561041,10.279491623202333
2023,성동구,마장동,11200540,1,11307.203,21173.80735887097,9.333195235254228,9.9605201948583
2023,성동구,마장동,11200540,12,9693.188,21691.430692607526,9.179178649744527,9.984672562577245
2023,성동구,사근동,11200550,1,11493.018,21444.33968172043,9.349494999538244,9.973216005230496
2023,성동구,사근동,11200550,12,11161.225,25222.53073655914,9.320200996936432,10.135492950898469
2023,성동구,행당제1동,11200560,1,6060.371,21316.041504435485,8.709526298311536,9.967215190517212
2023,성동구,행당제1동,11200560,12,4959.29,26935.43023561828,8.509017864311437,10.201197808093369
2023,성동구,행당제2동,11200570,1,4050.699,19310.661816532258,8.30664473780079,9.868412648089118
2023,성동구,행당제2동,11200570,12,3479.877,18528.120716666668,8.15475222731629,9.82704489571563
2023,성동구,응봉동,11200580,1,2470.622,10869.397156854839,7.812225219782568,9.293706519226347
2023,성동구,응봉동,11200580,12,2182.16,10208.768438844085,7.688070490927438,9.231002280851246
2023,성동구,금호1가동,11200590,1,4398.497,14267.369855241936,8.389018170641798,9.565730380605947
2023,성동구,금호1가동,11200590,12,3698.692,14541.68980201613,8.21573452261817,9.584774961804943
2023,성동구,금호2.3가동,11200615,1,4809.245,20819.71641612903,8.478295386122602,9.943655721333114
2023,성동구,금호2.3가동,11200615,12,4074.359,20615.30705658602,8.312468712688426,9.933789139843851
2023,성동구,금호4가동,11200620,1,3640.222,11722.989211559141,8.19979994778202,9.36930708279154
2023,성동구,금호4가동,11200620,12,3056.187,13289.48362016129,8.024923339513789,9.494728296186533
2023,성동구,옥수동,11200645,1,6626.837,26960.593663037635,8.79888289543746,10.20213158492615
2023,성동구,옥수동,11200645,12,5612.494,26035.037111424732,8.632750463007621,10.167198491039606
2023,성동구,성수1가제1동,11200650,1,7571.281,18723.099758064516,8.932117552722964,9.837513321690533
2023,성동구,성수1가제1동,11200650,12,6323.674,18462.221723924733,8.752055647348515,9.82348185422366
2023,성동구,성수1가제2동,11200660,1,10016.44,19264.16687956989,9.211983022087459,9.866002010839397
2023,성동구,성수1가제2동,11200660,12,8686.424,20477.041955241937,9.069516626087138,9.92705963294239
2023,성동구,성수2가제1동,11200670,1,11044.788,19875.129862634407,9.309713921464484,9.897224473470214
2023,성동구,성수2가제1동,11200670,12,8265.679,19841.126604301076,9.01986716054071,9.895512163717667
2023,성동구,성수2가제3동,11200690,1,32697.655,33462.877690860216,10.395058641775652,10.418191974753636
2023,성동구,성수2가제3동,11200690,12,27904.833,34604.63907002688,10.23655517861405,10.451743029226682
2023,성동구,송정동,11200720,1,3068.281,9643.344415322581,8.02887274890576,9.17402325848799
2023,성동구,송정동,11200720,12,2517.874,9708.887706989248,7.831170173638205,9.18079700343543
2023,성동구,용답동,11200790,1,45183.494,19039.864719892474,10.718487122135818,9.854290203272452
2023,성동구,용답동,11200790,12,41671.297,19543.65817607527,10.63756784944207,9.88040612281713
2023,광진구,화양동,11215710,1,14655.85,38037.00092862904,9.59259485214538,10.546314673609892
2023,광진구,화양동,11215710,12,13094.031,43326.946830107525,9.479911756494797,10.676530049064313
2023,광진구,군자동,11215730,1,8358.405,19762.59480658602,9.031022898402437,9.891546278803427
2023,광진구,군자동,11215730,12,7375.982,24660.67230967742,8.905984324886381,10.112965039512858
2023,광진구,중곡제1동,11215740,1,5103.312,15540.413677150538,8.537645019700552,9.651199243718585
2023,광진구,중곡제1동,11215740,12,4267.979,15504.287481720428,8.358895692072144,9.648871876381268
2023,광진구,중곡제2동,11215750,1,5392.232,18239.10930591398,8.592714678372753,9.811323430523395
2023,광진구,중곡제2동,11215750,12,4493.494,18905.661144623657,8.41038585183549,9.84721668765871
2023,광진구,중곡제3동,11215760,1,5352.117,15504.665553629033,8.585247462555664,9.648896261074823
2023,광진구,중곡제3동,11215760,12,4623.707,15307.964018145161,8.43895204329266,9.636128496016646
2023,광진구,중곡제4동,11215770,1,6195.574,25076.254790994622,8.731590445138231,10.129676653093341
2023,광진구,중곡제4동,11215770,12,5392.278,24219.328959811828,8.592723209126584,10.094906310687419
2023,광진구,능동,11215780,1,4734.853,14525.685846774193,8.462705959731712,9.583673798971914
2023,광진구,능동,11215780,12,3945.369,14853.734725268818,8.280297765027417,9.606006609261962
2023,광진구,광장동,11215810,1,11887.292,34594.280425268815,9.383225209329376,10.451443641753265
2023,광진구,광장동,11215810,12,10984.434,34804.57900336021,9.304234458684707,10.457504237662931
2023,광진구,자양제1동,11215820,1,6226.444,24241.088510887097,8.736560662304008,10.095804344739676
2023,광진구,자양제1동,11215820,12,5284.129,25205.087430913976,8.572463078667456,10.134801135303176
2023,광진구,자양제2동,11215830,1,7633.133,21291.790540860216,8.940253655988343,9.966076856787009
2023,광진구,자양제2동,11215830,12,7343.437,21568.05278924731,8.901562268141662,9.978968461281706
2023,광진구,자양제3동,11215840,1,9958.401,22643.452331854838,9.206171795521696,10.027626008848115
2023,광진구,자양제3동,11215840,12,8606.189,25096.69006922043,9.06023687457966,10.13049124667212
2023,광진구,자양제4동,11215847,1,7070.522,25212.082194489245,8.863689589262686,10.135078610761322
2023,광진구,자양제4동,11215847,12,5932.388,28712.382463978494,8.68818210907566,10.26508375344012
2023,광진구,구의제1동,11215850,1,6326.146,24613.298919489247,8.752446482954312,10.111042182328715
2023,광진구,구의제1동,11215850,12,5475.627,23195.08466438172,8.60806206867567,10.051695667292643
2023,광진구,구의제2동,11215860,1,8139.78,21233.808403091396,9.004518431604323,9.963349926413821
2023,광진구,구의제2동,11215860,12,7270.706,20146.600331317204,8.891608677229337,9.910790835091564
2023,광진구,구의제3동,11215870,1,11095.556,31184.693743951615,9.314299946774458,10.347682668291561
2023,광진구,구의제3동,11215870,12,9915.274,31015.069370026882,9.20183167546868,10.342228474065264
2023,동대문구,용신동,11230536,1,18053.782,40018.43785752688,9.801110470898747,10.597095573331071
2023,동대문구,용신동,11230536,12,14891.846,42887.036841935485,9.608569093816387,10.666324887736442
2023,동대문구,제기동,11230545,1,10676.239,31152.728053360217,9.275775896935508,10.346657098337863
2023,동대문구,제기동,11230545,12,8840.937,31995.10944126344,9.087148145489678,10.373338340141657
2023,동대문구,전농제1동,11230560,1,10494.749,30128.16707795699,9.25863031581819,10.313215796485546
2023,동대문구,전농제1동,11230560,12,9134.117,33716.40425698925,9.1197718029469,10.425739771109239
2023,동대문구,전농제2동,11230570,1,4341.655,15559.51047889785,8.376010890809733,9.652427337012426
2023,동대문구,전농제2동,11230570,12,3697.997,16093.308795295698,8.215546600697417,9.686158861809119
2023,동대문구,답십리제1동,11230600,1,8545.973,22301.241893682796,9.053215456826173,10.01239764619724
2023,동대문구,답십리제1동,11230600,12,7247.809,22615.735083870964,8.888454495278463,10.026401185645065
2023,동대문구,답십리제2동,11230610,1,8041.777,22989.29645712366,8.99240535765221,10.04278401516299
2023,동대문구,답십리제2동,11230610,12,6705.518,21307.977956989245,8.810686048510973,9.966836833541763
2023,동대문구,장안제1동,11230650,1,15568.721,34693.31677016129,9.653019116303016,10.454302347101597
2023,동대문구,장안제1동,11230650,12,12699.573,35296.92728467742,9.449323649834206,10.47155119337284
2023,동대문구,장안제2동,11230660,1,11181.756,28042.74413172043,9.322038800565112,10.241485201257374
2023,동대문구,장안제2동,11230660,12,9271.793,29582.519666666667,9.134732059489961,10.294938914065952
2023,동대문구,청량리동,11230705,1,7764.723,20220.69001061828,8.957346062055317,9.914461617146431
2023,동대문구,청량리동,11230705,12,6989.818,21510.709256586022,8.852209797692888,9.976306195060149
2023,동대문구,회기동,11230710,1,9062.641,18560.62415967742,9.111915857662586,9.828797635067705
2023,동대문구,회기동,11230710,12,8650.589,20968.946238575267,9.065382690093285,9.95079787173088
2023,동대문구,휘경제1동,11230720,1,4295.716,16538.75734126344,8.365373525996022,9.713461835239128
2023,동대문구,휘경제1동,11230720,12,3570.248,17429.159007930106,8.180390340148024,9.76589988766155
2023,동대문구,휘경제2동,11230730,1,6384.814,19048.386824596775,8.761677637267075,9.85473769584567
2023,동대문구,휘경제2동,11230730,12,5625.969,19845.389021505376,8.635148478903089,9.895726968023537
2023,동대문구,이문제1동,11230740,1,5730.816,21960.640203494622,8.653613207946638,9.997007048363121
2023,동대문구,이문제1동,11230740,12,5223.007,26201.693594758064,8.560828568661325,10.173579328681347
2023,동대문구,이문제2동,11230750,1,4588.41,14358.480867876344,8.431288837813682,9.572096047861047
2023,동대문구,이문제2동,11230750,12,3897.81,13372.61584717742,8.26817013593443,9.500964301458358
2023,중랑구,면목제2동,11260520,1,6223.063,21276.016864919355,8.736017508252507,9.9653357485353
2023,중랑구,면목제2동,11260520,12,5229.594,19963.545815053763,8.562088924982579,9.901663180133042
2023,중랑구,면목제4동,11260540,1,3912.749,17148.45553387097,8.271995474995855,9.749663392204717
2023,중랑구,면목제4동,11260540,12,3305.437,16286.050081989248,8.103323967448153,9.698064197178264
2023,중랑구,면목제5동,11260550,1,3673.202,11441.563456182796,8.208819040223592,9.34500792134612
2023,중랑구,면목제5동,11260550,12,3238.966,11834.92975013441,8.083009422049239,9.378810586158131
2023,중랑구,면목본동,11260565,1,8240.955,26796.861436424733,9.016871514246109,10.196040049059802
2023,중랑구,면목본동,11260565,12,6832.522,27958.44713924731,8.829449137701905,10.238474656151888
2023,중랑구,면목제7동,11260570,1,5626.607,18540.83886814516,8.63526187516021,9.827731084490281
2023,중랑구,면목제7동,11260570,12,4706.925,17465.77463736559,8.456790107558456,9.767998509957055
2023,중랑구,면목제3.8동,11260575,1,7556.086,20492.67749435484,8.93010861024006,9.927822905919703
2023,중랑구,면목제3.8동,11260575,12,6230.582,21223.87665389785,8.737225026358832,9.96288208416753
2023,중랑구,상봉제1동,11260580,1,5850.096,17790.167021774192,8.674213350347665,9.786401169136
2023,중랑구,상봉제1동,11260580,12,5165.695,17348.86023064516,8.54979493203675,9.761282090458938
2023,중랑구,상봉제2동,11260590,1,8883.57,26063.96566290323,9.091958782222031,10.168309013426258
2023,중랑구,상봉제2동,11260590,12,7555.688,25969.618902553764,8.930055936080151,10.16468263002289
2023,중랑구,중화제1동,11260600,1,4125.483,14912.678264112903,8.324938382823268,9.609967020340617
2023,중랑구,중화제1동,11260600,12,3441.066,14905.775276209679,8.14353658608433,9.609504019265314
2023,중랑구,중화제2동,11260610,1,6639.177,27121.334676478495,8.800743289005434,10.208075954577833
2023,중랑구,중화제2동,11260610,12,5515.447,25853.1839297043,8.615307980080336,10.160189041779477
2023,중랑구,묵제1동,11260620,1,7657.573,25894.16463884409,8.943450371798937,10.161772918783445
2023,중랑구,묵제1동,11260620,12,6649.88,25545.319481048387,8.802354088374303,10.148209388284789
2023,중랑구,묵제2동,11260630,1,4574.798,19147.78693266129,8.428317823729385,9.859942423056573
2023,중랑구,묵제2동,11260630,12,3808.474,18709.871615725806,8.244983862954829,9.836806557444797
2023,중랑구,망우본동,11260655,1,12210.579,38968.5212735215,9.410057986127871,10.570509452360609
2023,중랑구,망우본동,11260655,12,10165.089,41462.094172983874,9.226714481557812,10.632534895398758
2023,중랑구,망우제3동,11260660,1,3836.09,11986.143330107529,8.252208897667622,9.391506539073408
2023,중랑구,망우제3동,11260660,12,3259.368,10714.046657930106,8.089288590535824,9.279310931287696
2023,중랑구,신내1동,11260680,1,11780.473,35156.98002459678,9.374198609200834,10.467578455749425
2023,중랑구,신내1동,11260680,12,10181.074,34514.40432284946,9.228285785521996,10.449132032487979
2023,중랑구,신내2동,11260690,1,4255.415,17630.166994489246,8.355947568566432,9.777366747524551
2023,중랑구,신내2동,11260690,12,3647.867,17296.65417432796,8.201897892196268,9.758268361453752
2023,성북구,성북동,11290525,1,6788.1,20059.032662096775,8.822926358125391,9.906434838124722
2023,성북구,성북동,11290525,12,5438.91,20510.086756451612,8.60133395212665,9.928672081016115
2023,성북구,삼선동,11290555,1,7168.865,25265.514488978497,8.877502622597312,10.13719568122255
2023,성북구,삼선동,11290555,12,6092.771,25898.937506451613,8.714858265429278,10.16195722392924
2023,성북구,동선동,11290575,1,9197.027,23793.520391935483,9.126635558638304,10.077168570152457
2023,성북구,동선동,11290575,12,7689.681,26248.650643817204,8.947634579194537,10.175369862653477
2023,성북구,돈암제1동,11290580,1,2935.29,12977.918227284947,7.984561534876799,9.471004594289399
2023,성북구,돈암제1동,11290580,12,2520.061,12787.309406854838,7.832038386561706,9.456208505504023
2023,성북구,돈암제2동,11290590,1,4493.294,14290.241766801077,8.410341342050675,9.56733218938129
2023,성북구,돈암제2동,11290590,12,3886.558,13855.208500268816,8.2652792120119,9.536416505922125
2023,성북구,안암동,11290600,1,15909.054,22182.228531182795,9.67464366010459,10.00704673066246
2023,성북구,안암동,11290600,12,15050.741,27416.884697311827,9.619182504845375,10.218914332413426
2023,성북구,보문동,11290610,1,4759.222,16311.014394623655,8.467839488488663,9.699595888323827
2023,성북구,보문동,11290610,12,3969.667,15873.381163709677,8.28643749106999,9.672398844621648
2023,성북구,정릉제1동,11290620,1,3542.423,14016.575724327957,8.172566235266501,9.547995888554597
2023,성북구,정릉제1동,11290620,12,3027.432,14204.89258844086,8.015470014398781,9.561341732727906
2023,성북구,정릉제2동,11290630,1,5088.889,19574.66256747312,8.534814814600118,9.88199128277802
2023,성북구,정릉제2동,11290630,12,4527.1,19925.881592741935,8.417836836876102,9.899774748237549
2023,성북구,정릉제3동,11290640,1,7283.427,14396.752822849461,8.89335677218483,9.57475796172227
2023,성북구,정릉제3동,11290640,12,6723.814,16011.938885080646,8.813410832040013,9.681089903285335
2023,성북구,정릉제4동,11290650,1,6280.105,18298.394071908602,8.745141979067693,9.814568579345352
2023,성북구,정릉제4동,11290650,12,5774.345,18372.582634005375,8.66118010904405,9.818614758093572
2023,성북구,길음제1동,11290660,1,7691.74,35989.112101478495,8.947902304785337,10.490971730067958
2023,성북구,길음제1동,11290660,12,6823.432,35829.31313077957,8.828117850068315,10.486521639888611
2023,성북구,길음제2동,11290685,1,8235.107,19173.45910766129,9.016161635848519,9.861282263562464
2023,성북구,길음제2동,11290685,12,7187.197,18814.325111693546,8.880056527695256,9.84237383268947
2023,성북구,종암동,11290705,1,9064.596,38154.88873723118,9.112131555179817,10.54940917364639
2023,성북구,종암동,11290705,12,7921.827,39035.47134193548,8.977377140023695,10.572226033335737
2023,성북구,월곡제1동,11290715,1,6574.604,23386.50037674731,8.790969627095295,10.059914227894323
2023,성북구,월곡제1동,11290715,12,5644.351,26130.088175403223,8.638410500975207,10.170842732998182
2023,성북구,월곡제2동,11290725,1,10401.791,23386.741607258067,9.249733281841221,10.059924542788075
2023,성북구,월곡제2동,11290725,12,9015.852,22039.777362365592,9.106739640323124,10.000604161689768
2023,성북구,장위제1동,11290760,1,4598.496,21355.646536155913,8.43348457249351,9.969071458450887
2023,성북구,장위제1동,11290760,12,4053.452,22067.16399596774,8.307324142739295,10.001845990584641
2023,성북구,장위제2동,11290770,1,3636.819,11953.281573387096,8.198864677457706,9.388761128313241
2023,성북구,장위제2동,11290770,12,3114.409,12503.05771451613,8.04379468609428,9.433728510537783
2023,성북구,장위제3동,11290780,1,2818.777,7851.805098655914,7.944058381919082,8.968498733215629
2023,성북구,장위제3동,11290780,12,2359.857,8282.792450134408,7.766356302963473,9.02193544295418
2023,성북구,석관동,11290810,1,9304.015,27035.842300268818,9.138201306407003,10.20491875724972
2023,성북구,석관동,11290810,12,7983.435,26826.775030376346,8.985124048954164,10.197155736059996
2023,강북구,삼양동,11305534,1,4848.916,23458.35480376344,8.48651045379589,10.062981992031585
2023,강북구,삼양동,11305534,12,4032.411,22083.78877674731,8.302119739080043,10.0025990788204
2023,강북구,미아동,11305535,1,8336.939,23051.61639704301,9.02845140160323,10.045491171651268
2023,강북구,미아동,11305535,12,7297.691,22507.423350537632,8.895313275732791,10.02160046046923
2023,강북구,송중동,11305545,1,9772.1,36137.21537782258,9.18728666564496,10.495078510204275
2023,강북구,송중동,11305545,12,8227.918,35039.45387271505,9.015288284753328,10.464229959104525
2023,강북구,송천동,11305555,1,8200.402,26864.569028225807,9.011938456440932,10.198563560906042
2023,강북구,송천동,11305555,12,6588.108,26660.914907258066,8.793021484605783,10.190953910745442
2023,강북구,삼각산동,11305575,1,3143.007,20462.37835766129,8.05293526396658,9.926343277014746
2023,강북구,삼각산동,11305575,12,2528.001,20303.81594986559,7.83518415083629,9.918564125190152
2023,강북구,번1동,11305590,1,7508.785,17101.4841827957,8.923828947382074,9.74692053303988
2023,강북구,번1동,11305590,12,6169.869,18533.39758924731,8.727432884907424,9.827329658610273
2023,강북구,번2동,11305600,1,3433.717,12462.447455510752,8.141398626879138,9.430475198053442
2023,강북구,번2동,11305600,12,3007.953,11957.678231586022,8.009015059947659,9.389128880865572
2023,강북구,번3동,11305606,1,3912.137,14964.347059139784,8.271839050991405,9.613425788138123
2023,강북구,번3동,11305606,12,3383.214,14524.382488172043,8.12658142424383,9.583584067093282
2023,강북구,수유1동,11305610,1,6112.016,16968.489081182794,8.718011948643976,9.739113319566911
2023,강북구,수유1동,11305610,12,5037.374,16992.377329569892,8.524640193535175,9.740520130102189
2023,강북구,수유2동,11305620,1,4978.648,18431.721240994622,8.512913647215944,9.821828439737299
2023,강북구,수유2동,11305620,12,4223.59,17262.717671505376,8.348440756281105,9.756304407138721
2023,강북구,수유3동,11305630,1,9354.433,28232.308529704304,9.143605627571533,10.248222293664062
2023,강북구,수유3동,11305630,12,7601.886,28992.25857903226,8.936151653383082,10.274784127781693
2023,강북구,우이동,11305645,1,5598.023,18245.6512297043,8.630168778677177,9.811682041832029
2023,강북구,우이동,11305645,12,4702.558,18455.151226344085,8.45586189496409,9.823098809759655
2023,강북구,인수동,11305660,1,7753.023,28551.373526478495,8.955838110808136,10.25946032343581
2023,강북구,인수동,11305660,12,6489.814,26152.966477553764,8.777989149811328,10.171717903883382
2023,도봉구,창제1동,11320511,1,5589.368,20507.866527822578,8.6286215007235,9.928563824584312
2023,도봉구,창제1동,11320511,12,4799.623,20452.235705376344,8.476292652144757,9.925847480941632
2023,도봉구,창제2동,11320512,1,6762.817,29141.489542069896,8.819194798211353,10.279918195191918
2023,도봉구,창제2동,11320512,12,5774.361,29322.674669892473,8.661182879917254,10.286116375233318
2023,도봉구,창제3동,11320513,1,3039.154,10590.23586827957,8.019334466196883,9.267687711083921
2023,도봉구,창제3동,11320513,12,2505.42,10364.672941801076,7.8262116641354735,9.24615847027663
2023,도봉구,창제4동,11320514,1,8405.586,27947.791780645162,9.036651763816883,10.238093469402894
2023,도봉구,창제4동,11320514,12,7605.183,28092.25108763441,8.936585267520252,10.243249055286611
2023,도봉구,창제5동,11320515,1,7872.72,20351.66419543011,8.9711588979642,9.920917966172263
2023,도봉구,창제5동,11320515,12,6558.348,19458.680671505375,8.788494020955527,9.87604855649951
2023,도봉구,도봉제1동,11320521,1,6919.674,18965.603841666667,8.842123937675423,9.850382293408725
2023,도봉구,도봉제1동,11320521,12,5921.462,17843.26052419355,8.686338656848044,9.789381154243603
2023,도봉구,도봉제2동,11320522,1,6624.262,18887.149053091398,8.798494248422987,9.846237025499905
2023,도봉구,도봉제2동,11320522,12,5600.804,19151.065556451613,8.630665437846421,9.860113635695347
2023,도봉구,쌍문제1동,11320660,1,5982.486,16851.686353897847,8.696591479620993,9.732206011122825
2023,도봉구,쌍문제1동,11320660,12,5027.952,17014.908086021507,8.52276802312519,9.741845184982214
2023,도봉구,쌍문제2동,11320670,1,5230.932,17378.913977822584,8.562344743859622,9.763012909975314
2023,도봉구,쌍문제2동,11320670,12,4310.322,17788.74763481183,8.36876789028394,9.786321381038087
2023,도봉구,쌍문제3동,11320680,1,4494.502,16652.04560295699,8.410610151001674,9.720288346898492
2023,도봉구,쌍문제3동,11320680,12,3922.892,16627.151613978494,8.274584415879028,9.718792277539643
2023,도봉구,쌍문제4동,11320681,1,3350.277,13024.924379301076,8.116798307967931,9.474620060792896
2023,도봉구,쌍문제4동,11320681,12,2933.229,13145.346561827957,7.983859142983807,9.483823101352613
2023,도봉구,방학제1동,11320690,1,9419.012,22897.815927956988,9.150485478842603,10.038796810668888
2023,도봉구,방학제1동,11320690,12,8319.349,24169.03645,9.026339285561631,10.09282760736709
2023,도봉구,방학제2동,11320700,1,4284.247,12076.33172325269,8.362700086301466,9.399002760079513
2023,도봉구,방학제2동,11320700,12,3708.42,10825.098103360215,8.218361188879756,9.289622615495695
2023,도봉구,방학제3동,11320710,1,5224.289,21963.991360618278,8.561073991018734,9.997159635055866
2023,도봉구,방학제3동,11320710,12,4569.596,20183.54747782258,8.427180077354688,9.91262307022328
2023,노원구,월계1동,11350560,1,7598.338,21241.642538306452,8.935684818149017,9.963718804677866
2023,노원구,월계1동,11350560,12,6619.543,23083.67078655914,8.797781613315522,10.04688075418693
2023,노원구,월계2동,11350570,1,4794.601,19347.737199731182,8.475245772176423,9.870330751037477
2023,노원구,월계2동,11350570,12,4015.5,19273.321620833332,8.297917151628518,9.866477119197096
2023,노원구,월계3동,11350580,1,5267.827,24503.49234327957,8.569373222536539,10.106570930997954
2023,노원구,월계3동,11350580,12,4788.617,24215.200043817207,8.473996922201867,10.094735815956096
2023,노원구,공릉1동,11350595,1,10867.748,42247.80640739247,9.29355478293843,10.651307712085806
2023,노원구,공릉1동,11350595,12,8949.515,43642.922436693545,9.099354619856438,10.683796404631806
2023,노원구,공릉2동,11350600,1,19556.117,41785.613874865594,9.881043406499211,10.640307393601178
2023,노원구,공릉2동,11350600,12,17059.318,46118.547330241934,9.744451843693245,10.738970476277263
2023,노원구,하계1동,11350611,1,7821.693,23620.631129166668,8.964656306271127,10.06987580951151
2023,노원구,하계1동,11350611,12,6707.438,25747.004539919355,8.810972338872787,10.156073570778371
2023,노원구,하계2동,11350612,1,2577.727,17941.63680174731,7.854663281848306,9.794879369006486
2023,노원구,하계2동,11350612,12,2395.382,16452.014913172043,7.781297996082568,9.708203235815503
2023,노원구,중계본동,11350619,1,5839.257,20788.873266935483,8.672358841700959,9.942173183468809
2023,노원구,중계본동,11350619,12,4906.099,19933.59270887097,8.49823440398703,9.900161663336673
2023,노원구,중계1동,11350621,1,5159.906,25149.05892204301,8.548673641255412,10.132575756221152
2023,노원구,중계1동,11350621,12,4315.836,24782.826199327956,8.370046327509646,10.11790620030718
2023,노원구,중계4동,11350624,1,5182.288,16123.54185282258,8.55300193657501,9.688035709843206
2023,노원구,중계4동,11350624,12,4433.601,15969.880060080644,8.396967399659031,9.678459730854033
2023,노원구,중계2.3동,11350625,1,7467.397,32274.319567473118,8.91830175689169,10.382027133152503
2023,노원구,중계2.3동,11350625,12,6550.957,31243.68521922043,8.787366424826958,10.349572561760105
2023,노원구,상계1동,11350630,1,9376.933,37056.95510793011,9.146008016251729,10.520211335317962
2023,노원구,상계1동,11350630,12,7867.665,36415.5334422043,8.97051660107327,10.50275070551367
2023,노원구,상계2동,11350640,1,10280.531,29672.351259811825,9.238007191371649,10.297970957189538
2023,노원구,상계2동,11350640,12,8841.06,29708.820388978493,9.087162057945381,10.29919926349402
2023,노원구,상계3.4동,11350665,1,3526.545,20420.728889919355,8.168073917094254,9.924305785984613
2023,노원구,상계3.4동,11350665,12,3006.27,20810.812999731184,8.008455386638595,9.943227986367525
2023,노원구,상계5동,11350670,1,4691.691,18542.94967688172,8.45354835082722,9.827844924463037
2023,노원구,상계5동,11350670,12,3881.855,18163.27512903226,8.264068411150882,9.807156984409438
2023,노원구,상계6.7동,11350695,1,16075.9,45128.867142069896,9.685076535096895,10.717277390402502
2023,노원구,상계6.7동,11350695,12,11798.949,47070.518295026886,9.375765738690374,10.759402145488737
2023,노원구,상계8동,11350700,1,3768.72,18522.4745875,8.234490700244807,9.826740116309846
2023,노원구,상계8동,11350700,12,3341.972,17573.700623387096,8.114316330903605,9.774158780710227
2023,노원구,상계9동,11350710,1,2334.166,17674.19052486559,7.755409932853832,9.779860691971503
2023,노원구,상계9동,11350710,12,2014.848,17292.67554704301,7.608299037292301,9.758038312052127
2023,노원구,상계10동,11350720,1,3508.534,13449.128658064516,8.162953565396421,9.5066695991444
2023,노원구,상계10동,11350720,12,3176.038,13212.012184543011,8.063389787030966,9.488881708743302
2023,은평구,녹번동,11380510,1,9837.669,33907.70002486559,9.19397407173947,10.431397406952865
2023,은평구,녹번동,11380510,12,8653.129,33254.3930907258,9.065676268619963,10.41194216038587
2023,은평구,불광제1동,11380520,1,21632.461,30168.300038306454,9.981950289636323,10.314546984470361
2023,은평구,불광제1동,11380520,12,20210.334,26682.36572983871,9.91394933673315,10.191758166632246
2023,은평구,불광제2동,11380530,1,5990.166,21371.597669623658,8.69787440358026,9.969818107784599
2023,은평구,불광제2동,11380530,12,5200.427,21695.29018723118,8.55649601658285,9.984850473908434
2023,은평구,갈현제1동,11380551,1,5153.577,20804.9588375,8.547446315667255,9.942946642924337
2023,은평구,갈현제1동,11380551,12,3956.953,18274.496673387097,8.283229563629769,9.813261742426773
2023,은평구,갈현제2동,11380552,1,7111.844,22308.083510752687,8.869516842195015,10.012704381036267
2023,은평구,갈현제2동,11380552,12,5996.24,22697.919100672043,8.698887885105899,10.030028529693663
2023,은평구,구산동,11380560,1,6346.304,24904.828371639785,8.755627875187388,10.122816974162209
2023,은평구,구산동,11380560,12,5506.417,25273.9396719086,8.613669418395967,10.137529091353231
2023,은평구,대조동,11380570,1,8872.306,42990.12101330645,9.090690018967429,10.668725624403939
2023,은평구,대조동,11380570,12,7745.543,50346.51967889784,8.95487286014162,10.82668477319354
2023,은평구,응암제1동,11380580,1,9394.304,23507.037070295697,9.147858827144873,10.065055105105925
2023,은평구,응암제1동,11380580,12,8237.372,23565.772933198925,9.016436639995044,10.067550638870799
2023,은평구,응암제2동,11380590,1,5413.005,16270.51030376344,8.596559670498749,9.697109564427025
2023,은평구,응암제2동,11380590,12,4819.658,16625.72560981183,8.48045825017042,9.718706510274576
2023,은평구,응암제3동,11380600,1,6472.134,25328.35954422043,8.775261163097538,10.139679977543587
2023,은평구,응암제3동,11380600,12,5360.251,25259.650074462366,8.586766081326644,10.136963542857712
2023,은평구,역촌동,11380625,1,9020.538,42244.16361639785,9.10725925651078,10.651221483986358
2023,은평구,역촌동,11380625,12,7769.714,40467.123280645166,8.957988634447446,10.608245152581988
2023,은평구,신사제1동,11380631,1,5441.597,23888.385519758063,8.60182786294434,10.081147658285637
2023,은평구,신사제1동,11380631,12,4731.136,23857.893608736562,8.461920621783182,10.079870410478128
2023,은평구,신사제2동,11380632,1,3651.05,12881.230690053764,8.202770076439979,9.463526545563703
2023,은평구,신사제2동,11380632,12,3202.281,12357.74594422043,8.071618647357651,9.422038347408346
2023,은평구,증산동,11380640,1,4101.198,15331.082632258063,8.319034405133669,9.637637591176437
2023,은평구,증산동,11380640,12,3539.844,14959.126481854837,8.171837937360197,9.613076859573345
2023,은평구,수색동,11380650,1,5622.871,10978.020340860216,8.634597666538735,9.303650401982978
2023,은평구,수색동,11380650,12,5514.268,16523.11997244624,8.615094193957216,9.712515889560674
2023,은평구,진관동,11380690,1,17250.134,58962.16785685484,9.755575190545276,10.984651294451442
2023,은평구,진관동,11380690,12,14815.081,57702.48454314516,9.603400927424376,10.963055511242375
2023,서대문구,천연동,11410520,1,4111.715,16119.118781048386,8.321595495394476,9.687761348378304
2023,서대문구,천연동,11410520,12,3557.879,15762.083971505377,8.176919859777911,9.665362586364534
2023,서대문구,북아현동,11410555,1,4307.717,39210.50473629032,8.368163344382179,10.576699967845462
2023,서대문구,북아현동,11410555,12,3578.754,42850.56705524193,8.182769974120397,10.665474157432925
2023,서대문구,충현동,11410565,1,10726.634,39294.650887903226,9.280485086503832,10.578843678871019
2023,서대문구,충현동,11410565,12,9615.489,42750.35901666666,9.171130514763975,10.663132872380325
2023,서대문구,신촌동,11410585,1,38308.07,50879.448173118275,10.5534158579344,10.837214352301068
2023,서대문구,신촌동,11410585,12,36484.031,60250.77284260752,10.504629936987222,11.006270678533829
2023,서대문구,연희동,11410615,1,11627.372,36927.23944422043,9.361117252652365,10.516704754016066
2023,서대문구,연희동,11410615,12,9709.099,39240.65090228494,9.180818766042847,10.577468501265601
2023,서대문구,홍제제1동,11410620,1,5268.911,24974.034731586024,8.569578978815915,10.125591953383903
2023,서대문구,홍제제1동,11410620,12,4684.877,24849.313315322583,8.452094940325745,10.120585397956757
2023,서대문구,홍제제3동,11410640,1,4260.384,15376.561067204302,8.357114576046044,9.640599620346906
2023,서대문구,홍제제3동,11410640,12,3493.744,15143.383312768816,8.15872921954952,9.625318970504864
2023,서대문구,홍제제2동,11410655,1,2719.339,11053.795726344086,7.908144115051302,9.310529152608208
2023,서대문구,홍제제2동,11410655,12,2419.336,9433.793660080644,7.791248401336318,9.15205359166105
2023,서대문구,홍은제1동,11410660,1,4459.708,15851.570181451612,8.402838572018782,9.671023839474618
2023,서대문구,홍은제1동,11410660,12,3944.19,14891.353726478494,8.279998889004366,9.608536036688472
2023,서대문구,홍은제2동,11410685,1,7361.837,21692.98951438172,8.904064772971227,9.984744423478805
2023,서대문구,홍은제2동,11410685,12,6398.063,23212.471452419355,8.763750567288117,10.052444975823667
2023,서대문구,남가좌제1동,11410690,1,4379.164,7773.432790053763,8.384613117573048,8.958467146318297
2023,서대문구,남가좌제1동,11410690,12,3839.077,7663.143413037634,8.252987252106243,8.94417754579432
2023,서대문구,남가좌제2동,11410700,1,7335.751,18427.79019798387,8.900515071157416,9.821615141032451
2023,서대문구,남가좌제2동,11410700,12,6753.975,20643.79524139785,8.817886499428447,9.935170080666719
2023,서대문구,북가좌제1동,11410710,1,3609.713,14269.0399077957,8.191383546781482,9.56584742774464
2023,서대문구,북가좌제1동,11410710,12,3309.965,14099.722640994623,8.104692894297077,9.553910405321341
2023,서대문구,북가좌제2동,11410720,1,6171.275,35303.57606075269,8.72766074060801,10.471739542627587
2023,서대문구,북가좌제2동,11410720,12,5391.533,33214.13570981183,8.592585039049014,10.410730838680307
2023,마포구,아현동,11440555,1,9094.078,25367.89898655914,9.115378711431964,10.141239834286537
2023,마포구,아현동,11440555,12,8208.259,26386.33504314516,9.012896121493613,10.180601543124993
2023,마포구,공덕동,11440565,1,12391.907,40685.1677295699,9.42479887722671,10.613618875761313
2023,마포구,공덕동,11440565,12,10701.111,38516.85630134409,9.278102846835553,10.558851250466972
2023,마포구,도화동,11440585,1,9328.396,14636.42143844086,9.140818360519367,9.591268320370677
2023,마포구,도화동,11440585,12,8345.079,17306.29770483871,9.02942730279768,9.758825743424753
2023,마포구,용강동,11440590,1,10063.488,26776.11417405914,9.21666910324226,10.195265506926706
2023,마포구,용강동,11440590,12,9114.189,24505.195006586022,9.117587708936002,10.10664041514043
2023,마포구,대흥동,11440600,1,8409.214,22201.793304569892,9.037083288432852,10.007928344083014
2023,마포구,대흥동,11440600,12,7596.611,24785.23339717742,8.935457505769431,10.118003327282533
2023,마포구,염리동,11440610,1,5305.601,15961.460359005376,8.576518333981,9.677932368008634
2023,마포구,염리동,11440610,12,4888.444,17577.612469220432,8.494629331423427,9.774381352529332
2023,마포구,신수동,11440630,1,5810.301,16643.34706155914,8.667387655732924,9.71976583967454
2023,마포구,신수동,11440630,12,5063.871,17279.08610873656,8.529886489565897,9.757252153733575
2023,마포구,서강동,11440655,1,9878.189,26186.14749166667,9.198084474345348,10.172985828234475
2023,마포구,서강동,11440655,12,8773.831,27688.20978051075,9.079528820086358,10.22876196187239
2023,마포구,서교동,11440660,1,35241.732,74500.56543346774,10.469986227537024,11.218561994049825
2023,마포구,서교동,11440660,12,29440.445,78423.70036357528,10.290124688217706,11.2698814612107
2023,마포구,합정동,11440680,1,9921.062,21682.296935215054,9.202415251000398,9.984251397137841
2023,마포구,합정동,11440680,12,8802.021,20499.902604301074,9.082736633189596,9.92817541410551
2023,마포구,망원제1동,11440690,1,5416.629,19236.806000268818,8.597228945219442,9.864580702136758
2023,마포구,망원제1동,11440690,12,4574.83,21035.111666801076,8.428324818549283,9.95394830462955
2023,마포구,망원제2동,11440700,1,4342.386,16088.087170430108,8.376179245611771,9.68583434978876
2023,마포구,망원제2동,11440700,12,3735.69,16612.657734005377,8.225687819460601,9.717920197875168
2023,마포구,연남동,11440710,1,6326.682,17518.716271639783,8.752531207096666,9.771025089639167
2023,마포구,연남동,11440710,12,5285.492,18290.363198521503,8.572720987632698,9.81412959895273
2023,마포구,성산제1동,11440720,1,5615.664,21723.787085483873,8.63331511485599,9.986163118217545
2023,마포구,성산제1동,11440720,12,4775.27,20344.67440981183,8.471205795818868,9.920574456857835
2023,마포구,성산제2동,11440730,1,11013.509,35429.310564784944,9.306877889202795,10.475294738589886
2023,마포구,성산제2동,11440730,12,9609.309,35144.35234462366,9.170487595112712,10.467219211345844
2023,마포구,상암동,11440740,1,54957.593,46669.189018548386,10.914317130449554,10.750839461860126
2023,마포구,상암동,11440740,12,55722.228,48146.52020537634,10.928134412736835,10.782004144736721
2023,양천구,목1동,11470510,1,38863.34,42780.546829569896,10.567806668800511,10.663838764919591
2023,양천구,목1동,11470510,12,34873.001,40368.8058141129,10.459468198484455,10.605812632386742
2023,양천구,목2동,11470520,1,5777.646,24293.47290766129,8.661751612274937,10.097962988624964
2023,양천구,목2동,11470520,12,4884.909,23056.987655779572,8.493905935848918,10.045724154578041
2023,양천구,목3동,11470530,1,5372.251,18241.61610967742,8.5890022803044,9.811460862207596
2023,양천구,목3동,11470530,12,4486.427,18698.202268145164,8.408811895570409,9.836182662828069
2023,양천구,목4동,11470540,1,5230.467,17848.475693682798,8.562255845615647,9.78967338824951
2023,양천구,목4동,11470540,12,4375.188,17960.36035793011,8.38370476929704,9.795922406127625
2023,양천구,목5동,11470550,1,10523.181,36825.612109274196,9.261335817011018,10.51394886330468
2023,양천구,목5동,11470550,12,9047.808,38388.529623655915,9.110277797411655,10.555513986236488
2023,양천구,신월1동,11470560,1,5187.441,14658.913983198925,8.553995790980299,9.592803892423639
2023,양천구,신월1동,11470560,12,4317.847,14910.086531317205,8.37051217737612,9.609793211317879
2023,양천구,신월2동,11470570,1,4532.029,13763.627172446237,8.418925021068288,9.52978467939897
2023,양천구,신월2동,11470570,12,3984.39,12869.039041666667,8.290139505479686,9.46257963126532
2023,양천구,신월3동,11470580,1,4063.021,13103.235238306452,8.309682064569005,9.480614443454686
2023,양천구,신월3동,11470580,12,3515.936,12986.82595094086,8.165061056136556,9.47169073422933
2023,양천구,신월4동,11470590,1,3885.234,11604.48426451613,8.264938492648126,9.359146876921027
2023,양천구,신월4동,11470590,12,3407.31,11656.797071370967,8.133678402661712,9.363644728461793
2023,양천구,신월5동,11470600,1,3835.994,9372.307559543011,8.252183871872804,9.145514615941872
2023,양천구,신월5동,11470600,12,3279.739,13070.80270604839,8.095519125041346,9.478136220650397
2023,양천구,신월6동,11470610,1,3428.921,4118.504849999999,8.140000913410706,8.323245475993819
2023,양천구,신월6동,11470610,12,2853.211,4609.162482123656,7.956200305716793,8.435801445326218
2023,양천구,신월7동,11470611,1,4726.822,15277.173119892474,8.461008374065614,9.63411504036229
2023,양천구,신월7동,11470611,12,3901.654,14545.480406989249,8.269155844775767,9.585035599396523
2023,양천구,신정1동,11470620,1,5167.228,15873.23890497312,8.550091653499061,9.672389882487334
2023,양천구,신정1동,11470620,12,4358.278,16345.239934274194,8.379832304199716,9.701691998418829
2023,양천구,신정2동,11470630,1,5002.073,13525.67559153226,8.517607705493406,9.512345053781926
2023,양천구,신정2동,11470630,12,3987.881,13762.584993817205,8.291015291117965,9.529708956766067
2023,양천구,신정3동,11470640,1,11293.425,42025.87701895161,9.331975976948057,10.64604082704066
2023,양천구,신정3동,11470640,12,9761.2,42058.711968682794,9.186170622668978,10.646821825123554
2023,양천구,신정4동,11470650,1,10545.954,32943.110157392475,9.26349755823755,10.402537418138825
2023,양천구,신정4동,11470650,12,8514.358,32780.20474637097,9.049509193894975,10.397580098354304
2023,양천구,신정6동,11470670,1,5523.151,20606.93992701613,8.616703809741102,9.93338318770407
2023,양천구,신정6동,11470670,12,4693.414,19818.32210887097,8.45391552839622,9.894362147835785
2023,양천구,신정7동,11470680,1,5261.166,21111.273648521506,8.568107954169728,9.957562472917258
2023,양천구,신정7동,11470680,12,4294.571,20800.817725403227,8.365106945844094,9.942747578637954
2023,강서구,염창동,11500510,1,12343.673,30018.92574422043,9.420898903089393,10.309583319877627
2023,강서구,염창동,11500510,12,10269.439,29939.962058736557,9.236927676308884,10.306949390729548
2023,강서구,등촌제1동,11500520,1,10775.297,22553.15526706989,9.285011478397179,10.023630258294151
2023,강서구,등촌제1동,11500520,12,8989.173,22479.136495698924,9.103776132133001,10.020342891156826
2023,강서구,등촌제2동,11500530,1,4702.112,15548.765286827958,8.455767048467544,9.651736511678475
2023,강서구,등촌제2동,11500530,12,3989.021,15406.38024798387,8.291301116368862,9.642537004419554
2023,강서구,등촌제3동,11500535,1,12747.496,38947.729164112905,9.453090139142244,10.569975748292835
2023,강서구,등촌제3동,11500535,12,10520.222,38783.168919489246,9.261054588730639,10.565741640762132
2023,강서구,화곡제1동,11500540,1,13821.045,48520.04386814516,9.533947709513638,10.78973226718258
2023,강서구,화곡제1동,11500540,12,11879.521,46146.058146908596,9.382571272238449,10.739566822348213
2023,강서구,화곡제2동,11500550,1,3448.054,12988.073478225806,8.145565292913847,9.47178679060016
2023,강서구,화곡제2동,11500550,12,2978.075,12730.970385483872,7.999032397614535,9.451792916885339
2023,강서구,화곡제3동,11500560,1,5250.086,19721.74844422043,8.565999736403883,9.889477287726272
2023,강서구,화곡제3동,11500560,12,4464.935,18408.39705483871,8.404009935533862,9.820562201171775
2023,강서구,화곡제4동,11500570,1,5396.385,16877.130179569893,8.593484563929934,9.733714740637435
2023,강서구,화곡제4동,11500570,12,4519.308,17538.270427956988,8.416114163760549,9.772140653764097
2023,강서구,화곡본동,11500590,1,6532.188,29630.123595026882,8.784497235060135,10.296546811838928
2023,강서구,화곡본동,11500590,12,5733.412,26652.315162500003,8.654066094969536,10.190631298710066
2023,강서구,화곡제6동,11500591,1,9806.731,20573.41872043011,9.190824265628954,9.931755168177729
2023,강서구,화곡제6동,11500591,12,8346.592,21616.0208219086,9.029608590819011,9.981190023463238
2023,강서구,화곡제8동,11500593,1,5421.946,32224.85368360215,8.598210070584448,10.380493287334772
2023,강서구,화곡제8동,11500593,12,4731.672,33494.94228091398,8.462033907395776,10.419149729725895
2023,강서구,가양제1동,11500603,1,51694.893,49030.43882567204,10.853114274185979,10.800196584751506
2023,강서구,가양제1동,11500603,12,49344.469,48175.32405658602,10.806580961579519,10.782602219914557
2023,강서구,가양제2동,11500604,1,3471.564,14370.892670833333,8.152360491858044,9.572960097591368
2023,강서구,가양제2동,11500604,12,2892.85,15148.557449999998,7.969997454340521,9.625660588582228
2023,강서구,가양제3동,11500605,1,3193.768,10837.092433870968,8.06895668994396,9.290730013357042
2023,강서구,가양제3동,11500605,12,2704.985,12431.295438306452,7.9028516459787,9.427972397763542
2023,강서구,발산제1동,11500611,1,20815.586,34579.74073696237,9.943457312007235,10.451023261723993
2023,강서구,발산제1동,11500611,12,18847.534,34144.2090469086,9.844137362037008,10.438348276590604
2023,강서구,우장산동,11500615,1,9558.582,32119.542402688174,9.165194668684173,10.377219921467566
2023,강서구,우장산동,11500615,12,8391.572,35061.207576747314,9.03498314782225,10.46485060102946
2023,강서구,공항동,11500620,1,17212.189,33357.30323803763,9.753373074609334,10.41503201501678
2023,강서구,공항동,11500620,12,16417.161,35511.39255954301,9.706082469153905,10.477608841150833
2023,강서구,방화제1동,11500630,1,11702.737,33230.28246639785,9.367578025052044,10.411216861655511
2023,강서구,방화제1동,11500630,12,9968.464,34634.094984408606,9.207181788900527,10.452593880027496
2023,강서구,방화제2동,11500640,1,9714.417,25714.186604032257,9.18136634971749,10.154798126521971
2023,강서구,방화제2동,11500640,12,8651.442,29004.697261827958,9.06548129123447,10.275213070397943
2023,강서구,방화제3동,11500641,1,4463.677,16558.0970375,8.403728144812455,9.714630508141779
2023,강서구,방화제3동,11500641,12,3864.039,16423.779726612902,8.259468288449176,9.706485546931585
2023,구로구,신도림동,11530510,1,17835.603,32954.444104166665,9.788951907145755,10.402881405013996
2023,구로구,신도림동,11530510,12,15793.533,35443.48539825269,9.667355831429926,10.475694746335147
2023,구로구,구로제1동,11530520,1,25792.797,16054.61998360215,10.157850545883518,9.683751936583075
2023,구로구,구로제1동,11530520,12,20742.147,16155.286303897848,9.93992299619428,9.69000260041031
2023,구로구,구로제2동,11530530,1,16987.169,34386.381754301074,9.740213573354186,10.445415885745184
2023,구로구,구로제2동,11530530,12,15387.544,33662.38134475806,9.64131362995247,10.424136212264271
2023,구로구,구로제3동,11530540,1,33708.153,40732.35376075269,10.425495015863786,10.61477798833566
2023,구로구,구로제3동,11530540,12,29925.35,39735.27938360215,10.30646122626421,10.589994721521126
2023,구로구,구로제4동,11530550,1,6418.424,18018.00321438172,8.766927883682113,9.799126715609733
2023,구로구,구로제4동,11530550,12,5435.705,19624.929779704304,8.600744505954479,9.884555964539969
2023,구로구,구로제5동,11530560,1,14816.918,33263.37586034946,9.603524915009713,10.412212246704755
2023,구로구,구로제5동,11530560,12,12820.031,34131.39090564516,9.458764148568461,10.43797279423899
2023,구로구,가리봉동,11530595,1,6321.059,11982.816132930107,8.751642036394882,9.391228913571648
2023,구로구,가리봉동,11530595,12,5737.105,10771.374559005377,8.654710006682949,9.284647390512216
2023,구로구,고척제1동,11530720,1,8668.46,20276.380920564516,9.067446430006806,9.91721198618656
2023,구로구,고척제1동,11530720,12,7953.353,24262.038341532258,8.981348879738494,10.09666819964172
2023,구로구,고척제2동,11530730,1,5957.938,15643.956768010754,8.692479727042514,9.657839972384675
2023,구로구,고척제2동,11530730,12,5213.351,15480.917510349462,8.558978114172254,9.64736341608169
2023,구로구,개봉제1동,11530740,1,7976.975,32733.534388844084,8.98431454589594,10.396155347880963
2023,구로구,개봉제1동,11530740,12,7051.832,30348.554093413975,8.86104272020506,10.320504154279098
2023,구로구,개봉제2동,11530750,1,5585.034,23042.656019489244,8.627845799219775,10.045102386789424
2023,구로구,개봉제2동,11530750,12,4940.649,24323.84796948925,8.505251978071048,10.099212545993911
2023,구로구,개봉제3동,11530760,1,4412.305,15928.295706317203,8.392152507630469,9.675852410759873
2023,구로구,개봉제3동,11530760,12,3932.73,16717.903376747312,8.277089120189714,9.724235482648387
2023,구로구,오류제1동,11530770,1,6043.756,16260.755893279571,8.706780951962228,9.696509869922846
2023,구로구,오류제1동,11530770,12,5412.806,17135.442698924733,8.596522906509424,9.748904269920384
2023,구로구,오류제2동,11530780,1,9019.776,53201.81465107527,9.107174779045426,10.88184778473062
2023,구로구,오류제2동,11530780,12,7939.487,49888.622934005376,8.979603942582104,10.817548258429749
2023,구로구,수궁동,11530790,1,6545.117,23587.673898790323,8.786474554425627,10.068479562147363
2023,구로구,수궁동,11530790,12,5959.18,21677.15982997312,8.692688166701245,9.984014442819257
2023,금천구,가산동,11545510,1,81784.374,57825.65692096775,11.311841477448011,10.965187847536065
2023,금천구,가산동,11545510,12,75834.821,59313.8546485215,11.236312846095029,10.990598194265703
2023,금천구,독산제1동,11545610,1,27046.935,37382.596628629035,10.205328969167098,10.528960544317336
2023,금천구,독산제1동,11545610,12,23300.087,39736.02841518817,10.0562123734524,10.59001357188629
2023,금천구,독산제2동,11545620,1,4358.681,14451.364255645161,8.379924767638006,9.578544101239405
2023,금천구,독산제2동,11545620,12,3749.162,13562.757311021505,8.229287627325395,9.515082882344062
2023,금천구,독산제3동,11545630,1,7981.04,22151.93879717742,8.98482400776672,10.005680301989335
2023,금천구,독산제3동,11545630,12,6525.066,18466.264299596776,8.783406347082266,9.823700794999386
2023,금천구,독산제4동,11545640,1,3984.659,11634.840407123656,8.290207016672078,9.361759359022091
2023,금천구,독산제4동,11545640,12,3289.403,11531.317937231182,8.098461368327182,9.352821911781186
2023,금천구,시흥제1동,11545670,1,11965.504,27813.63571760753,9.389783122313668,10.233281672865262
2023,금천구,시흥제1동,11545670,12,10533.75,27802.991170698926,9.262339667086563,10.232898889958994
2023,금천구,시흥제2동,11545680,1,3693.571,15909.534797446237,8.214349019743286,9.674673881271803
2023,금천구,시흥제2동,11545680,12,3477.83,14524.073873387097,8.154163815053728,9.583562818818944
2023,금천구,시흥제3동,11545690,1,4407.398,10097.780463709678,8.391039771633277,9.220070922611098
2023,금천구,시흥제3동,11545690,12,3838.056,9623.656141935484,8.252721267393976,9.171979527790887
2023,금천구,시흥제4동,11545700,1,3455.788,11625.305709946237,8.14780578544982,9.360939527739564
2023,금천구,시흥제4동,11545700,12,3005.642,10859.447652150538,8.008246468077482,9.292790731434856
2023,금천구,시흥제5동,11545710,1,4126.575,11371.30548561828,8.325203044076586,9.338848398589533
2023,금천구,시흥제5동,11545710,12,3634.725,11517.996104569893,8.198288733735746,9.35166596986287
2023,영등포구,영등포본동,11560515,1,5024.385,18429.746849193547,8.522058337377546,9.821721314768856
2023,영등포구,영등포본동,11560515,12,4252.907,19432.46475295699,8.35535802809708,9.874700387283458
2023,영등포구,영등포동,11560535,1,27165.442,50358.28222782258,10.20970092979012,10.826918377723919
2023,영등포구,영등포동,11560535,12,23210.573,53607.66769422043,10.052363186598388,10.889447390824296
2023,영등포구,여의동,11560540,1,74566.71,89664.6634985215,11.219449439945391,11.403832029501134
2023,영등포구,여의동,11560540,12,70214.589,99452.78660712365,11.159311388935032,11.5074383040718
2023,영등포구,당산제1동,11560550,1,10903.064,24882.21425174731,9.296799129633206,10.12190854014982
2023,영등포구,당산제1동,11560550,12,9220.798,24872.06380510753,9.129216863781458,10.121500517074136
2023,영등포구,당산제2동,11560560,1,12524.376,36064.83096653226,9.435432104352708,10.493073458015164
2023,영등포구,당산제2동,11560560,12,10066.495,37316.22709233871,9.216967861569316,10.527183553718318
2023,영등포구,도림동,11560585,1,4450.982,14413.372626747312,8.40088002497263,9.575911709266377
2023,영등포구,도림동,11560585,12,3855.335,15369.26783655914,8.257213182351535,9.640125199520277
2023,영등포구,문래동,11560605,1,22859.607,39148.00512069892,10.037126745599975,10.575104745349291
2023,영등포구,문래동,11560605,12,19110.092,38750.04248682796,9.857971851456115,10.564887131215162
2023,영등포구,양평제1동,11560610,1,9719.298,18565.715583064517,9.181868672624113,9.829071910606542
2023,영등포구,양평제1동,11560610,12,8272.45,20471.860474596775,9.02068599565541,9.926806562390295
2023,영등포구,양평제2동,11560620,1,20668.334,27036.92642862903,9.936358049524225,10.204958856115963
2023,영등포구,양평제2동,11560620,12,18995.875,27195.057763709676,9.85197712931466,10.210790535911054
2023,영등포구,신길제1동,11560630,1,4959.649,18334.82793172043,8.509090251085901,9.81655769577202
2023,영등포구,신길제1동,11560630,12,4293.446,18801.853239112905,8.364844952881938,9.841710720508251
2023,영등포구,신길제3동,11560650,1,3653.942,13129.725284274195,8.203561863796102,9.482634044326565
2023,영등포구,신길제3동,11560650,12,3035.946,13730.356400134408,8.018278351796074,9.527364456191647
2023,영등포구,신길제4동,11560660,1,2726.961,8181.405281451612,7.910943081313179,9.009619209640242
2023,영등포구,신길제4동,11560660,12,2226.713,7797.890661290322,7.708281786029324,8.961608548065724
2023,영등포구,신길제5동,11560670,1,2919.27,10989.51372392473,7.979088864007118,9.304696799278126
2023,영등포구,신길제5동,11560670,12,2491.791,9839.915883064517,7.820757008011382,9.194202441540707
2023,영등포구,신길제6동,11560680,1,5227.01,19060.601614247313,8.561594691854387,9.855378740941287
2023,영등포구,신길제6동,11560680,12,4190.868,19768.277905107527,8.340663151366067,9.891833805901657
2023,영등포구,신길제7동,11560690,1,4292.895,17532.44230672043,8.364716609504764,9.771808289758022
2023,영등포구,신길제7동,11560690,12,3875.749,17805.337106720428,8.26249421343186,9.787253528794114
2023,영등포구,대림제1동,11560700,1,5757.622,16335.871333064517,8.658279821222838,9.701118664091874
2023,영등포구,대림제1동,11560700,12,4936.657,15438.27326344086,8.504443660455424,9.644604982055363
2023,영등포구,대림제2동,11560710,1,5548.022,18980.389751747312,8.621196746819795,9.851161606818588
2023,영등포구,대림제2동,11560710,12,4545.67,19678.75428575269,8.421930410488567,9.887294870114633
2023,영등포구,대림제3동,11560720,1,8314.494,24702.125742741937,9.025755535896822,10.114644581372096
2023,영등포구,대림제3동,11560720,12,6837.638,24537.225718951613,8.830197629341923,10.107946660486649
2023,동작구,노량진제1동,11590510,1,12703.25,34835.88680013441,9.449613145220264,10.45840336429921
2023,동작구,노량진제1동,11590510,12,11442.253,35511.66654905914,9.345068186102983,10.477616556659557
2023,동작구,노량진제2동,11590520,1,3855.265,17516.181986290325,8.257195025528459,9.770880417584737
2023,동작구,노량진제2동,11590520,12,3181.034,17764.750216801076,8.06496158015477,9.78497144794542
2023,동작구,상도제1동,11590530,1,12202.662,42892.30955228495,9.409409403641217,10.666447824330803
2023,동작구,상도제1동,11590530,12,10702.358,43525.569393817204,9.278219370003027,10.681103846545472
2023,동작구,상도제2동,11590540,1,6736.835,20619.954240188174,8.815345509047258,9.934014538372958
2023,동작구,상도제2동,11590540,12,5806.539,20450.98821424731,8.66673997527395,9.925786483738484
2023,동작구,상도제3동,11590550,1,4521.398,17380.2267577957,8.416576517040754,9.763088445788108
2023,동작구,상도제3동,11590550,12,3988.242,16966.769524327956,8.291105811286787,9.73901197618973
2023,동작구,상도제4동,11590560,1,4815.448,23799.339683870967,8.47958436247932,10.077413114899514
2023,동작구,상도제4동,11590560,12,4202.172,19337.210354301074,8.343356813456317,9.869786516323174
2023,동작구,흑석동,11590605,1,12246.991,29794.778293682797,9.413035553147171,10.302088432095593
2023,동작구,흑석동,11590605,12,11000.746,35046.72098454301,9.305718367662777,10.464437335576955
2023,동작구,사당제1동,11590620,1,7256.939,24037.715757930106,8.889713393565533,10.08737936574568
2023,동작구,사당제1동,11590620,12,6287.113,24104.432217607526,8.746257261817847,10.090151012013774
2023,동작구,사당제2동,11590630,1,6739.631,32972.25947983871,8.815760454633159,10.40342186510489
2023,동작구,사당제2동,11590630,12,5710.095,32904.50663655914,8.649990939989763,10.401364907207206
2023,동작구,사당제3동,11590640,1,4972.135,19464.7618125,8.51160460431348,9.876361023262778
2023,동작구,사당제3동,11590640,12,4321.344,19088.386069354838,8.371321743964241,9.856835369895672
2023,동작구,사당제4동,11590650,1,2578.57,14076.185248387097,7.85499026068894,9.552239658939353
2023,동작구,사당제4동,11590650,12,2235.938,13756.515869892473,7.712416105804691,9.52926787229509
2023,동작구,사당제5동,11590651,1,2577.768,10817.56875389785,7.85467918720754,9.28892682788174
2023,동작구,사당제5동,11590651,12,2313.166,11254.128330376343,7.746372427922541,9.328490303018341
2023,동작구,대방동,11590660,1,9496.971,39237.447830376346,9.158728184642419,10.577386871563505
2023,동작구,대방동,11590660,12,7896.963,41808.69236303763,8.974233534163064,10.640859548162823
2023,동작구,신대방제1동,11590670,1,9649.699,23356.15836048387,9.174682002136716,10.058615969671754
2023,동작구,신대방제1동,11590670,12,8750.061,18459.77574892473,9.07681595075593,9.823349360037483
2023,동작구,신대방제2동,11590680,1,11174.763,25139.841549865592,9.321413211203184,10.132209179414177
2023,동작구,신대방제2동,11590680,12,9944.947,23410.550381989247,9.20481986196266,10.060942070759175
2023,관악구,보라매동,11620525,1,10416.282,16850.926359946236,9.251125437814583,9.732160911120745
2023,관악구,보라매동,11620525,12,9901.535,18062.33937795699,9.200445074608645,9.801584352245394
2023,관악구,청림동,11620545,1,3264.146,11621.454983467742,8.09075344547578,9.360608236290876
2023,관악구,청림동,11620545,12,2962.846,11239.031146774194,7.993905571872531,9.327147922826304
2023,관악구,성현동,11620565,1,4982.739,23169.64804610215,8.513735018824134,10.05059842724209
2023,관악구,성현동,11620565,12,4564.17,22419.77133965054,8.425991958316322,10.017698497629027
2023,관악구,행운동,11620575,1,7235.898,22792.66763615591,8.886809750230096,10.03419416831436
2023,관악구,행운동,11620575,12,6228.649,23950.316072849462,8.7369147343327,10.083736799948198
2023,관악구,낙성대동,11620585,1,8243.79,22885.756401209677,9.01721546861458,10.038270004811997
2023,관악구,낙성대동,11620585,12,7051.588,24186.95860147849,8.86100811866869,10.09356886612022
2023,관악구,청룡동,11620595,1,11464.427,37354.75167365591,9.347004215848548,10.528215402647367
2023,관악구,청룡동,11620595,12,9763.132,39471.091667876346,9.186368529568563,10.583323826442042
2023,관악구,은천동,11620605,1,7298.841,28039.744787634412,8.895470847408362,10.241378239382227
2023,관악구,은천동,11620605,12,6420.504,28670.253988844088,8.767251898275573,10.26361541788401
2023,관악구,중앙동,11620615,1,4465.064,15507.779626478494,8.40403882691448,9.649097088377658
2023,관악구,중앙동,11620615,12,3788.718,14812.86559247312,8.239782982278937,9.603251378921303
2023,관악구,인헌동,11620625,1,5179.163,24205.03095094086,8.552398739186005,10.09431578107328
2023,관악구,인헌동,11620625,12,4518.613,23627.0751702957,8.415960367328523,10.070148586400535
2023,관악구,남현동,11620630,1,5963.964,23871.644863709676,8.693490639649108,10.080446626205063
2023,관악구,남현동,11620630,12,4996.751,23734.021628897848,8.516543180204716,10.074664809529036
2023,관악구,서원동,11620645,1,8082.833,21931.319096774194,8.99749770887461,9.995670989934675
2023,관악구,서원동,11620645,12,6964.988,22442.80424032258,8.848651163312207,10.018725317975298
2023,관악구,신원동,11620655,1,3617.622,17005.665047446237,8.193572182885134,9.741301805611947
2023,관악구,신원동,11620655,12,3117.911,15747.88740094086,8.044918505271914,9.66446150198351
2023,관악구,서림동,11620665,1,4792.935,17322.18978346774,8.474898237623902,9.759743605040862
2023,관악구,서림동,11620665,12,4208.733,17630.198536021504,8.344916931263088,9.777368536588945
2023,관악구,신사동,11620685,1,5423.836,20129.532885887096,8.598558593174914,9.909943313490636
2023,관악구,신사동,11620685,12,4627.412,20011.433233467742,8.439753027519128,9.904059050873226
2023,관악구,신림동,11620695,1,7811.706,27162.563205510753,8.963378656879776,10.209594951502089
2023,관악구,신림동,11620695,12,6346.129,28269.436911827954,8.755600299702056,10.249536532265989
2023,관악구,난향동,11620715,1,2692.773,10471.52583172043,7.8983267966483055,9.256415026935136
2023,관악구,난향동,11620715,12,2340.581,10069.412622177419,7.758154468131028,9.217257654535452
2023,관악구,조원동,11620725,1,10477.559,26429.830121908602,9.256991010897664,10.182248580105435
2023,관악구,조원동,11620725,12,9682.127,29422.580302150538,9.178036887538171,10.289517696025024
2023,관악구,대학동,11620735,1,27965.886,30660.53170201613,10.238740689214028,10.330731494154632
2023,관악구,대학동,11620735,12,23777.435,33485.76212379032,10.076492300676009,10.418875616240147
2023,관악구,삼성동,11620745,1,4139.078,19208.669504166664,8.32822833670284,9.863116992779212
2023,관악구,삼성동,11620745,12,3481.817,18904.0969797043,8.155309562944721,9.847133948969132
2023,관악구,미성동,11620765,1,6826.617,20587.33537486559,8.828584515068243,9.932431378090383
2023,관악구,미성동,11620765,12,5875.542,20283.941151344086,8.678553590076248,9.917584775675445
2023,관악구,난곡동,11620775,1,4843.667,16723.27312043011,8.485427357470972,9.724556628271324
2023,관악구,난곡동,11620775,12,4144.311,16456.806476344085,8.329491829385887,9.708494438174238
2023,서초구,서초1동,11650510,1,20065.69,31283.26813172043,9.90676667034798,10.350838669115937
2023,서초구,서초1동,11650510,12,16671.658,30379.192337768818,9.72146543090699,10.321513190469469
2023,서초구,서초2동,11650520,1,22559.339,46503.94765430107,10.023904405537362,10.747292483763426
2023,서초구,서초2동,11650520,12,18902.528,45477.12753696237,9.847050948716872,10.72496478705198
2023,서초구,서초3동,11650530,1,41650.631,61933.345978360216,10.637071797540251,11.03381402086533
2023,서초구,서초3동,11650530,12,35466.408,64261.636477553766,10.476341273961893,11.070718098849689
2023,서초구,서초4동,11650531,1,20614.053,41793.00768051075,9.933728306661639,10.64048432414937
2023,서초구,서초4동,11650531,12,17537.86,41178.76668723118,9.772117251641228,10.625678030818847
2023,서초구,잠원동,11650540,1,10258.663,32194.811109811828,9.23587779834259,10.379560572889126
2023,서초구,잠원동,11650540,12,9172.379,31956.591289784945,9.123951964537085,10.372133738678494
2023,서초구,반포본동,11650550,1,936.16,3578.4873815860215,6.841786402039926,8.182695470998345
2023,서초구,반포본동,11650550,12,672.949,3966.500211693549,6.511669546684119,8.28563942611242
2023,서초구,반포1동,11650560,1,10950.568,32097.892363037634,9.301146606045453,10.376545648490147
2023,서초구,반포1동,11650560,12,9560.435,32321.189085080645,9.165388507102309,10.383478302957041
2023,서초구,반포2동,11650570,1,5124.983,15239.793479838709,8.541882486927937,9.631665277957133
2023,서초구,반포2동,11650570,12,4387.792,22333.407808333333,8.386581418266141,10.013838944400925
2023,서초구,반포3동,11650580,1,6085.727,24842.255700403224,8.713701472401844,10.120301341119486
2023,서초구,반포3동,11650580,12,5632.415,26834.165230376344,8.636293581202738,10.197431176632255
2023,서초구,반포4동,11650581,1,22416.463,42803.85078534946,10.017550923252843,10.664383349143
2023,서초구,반포4동,11650581,12,20149.936,46903.81093978494,9.910956391191124,10.755854207845056
2023,서초구,방배본동,11650590,1,7704.902,17486.988101478495,8.9496120286597,9.769212346292457
2023,서초구,방배본동,11650590,12,6414.284,16533.385601344085,8.766282657414418,9.71313698541153
2023,서초구,방배1동,11650600,1,6766.351,19819.47814798387,8.819717225027308,9.894420477970442
2023,서초구,방배1동,11650600,12,5735.741,19323.376322849464,8.654472227842994,9.869070850409587
2023,서초구,방배2동,11650610,1,39468.424,20771.212741935484,10.583256238799661,9.941323304281395
2023,서초구,방배2동,11650610,12,34851.978,20575.92135577957,10.458865172110304,9.931876804896467
2023,서초구,방배3동,11650620,1,6832.604,17029.22045282258,8.829461139054839,9.74268599767201
2023,서초구,방배3동,11650620,12,5890.763,19167.958066935484,8.681140809851769,9.860995313252907
2023,서초구,방배4동,11650621,1,9079.256,26424.772179973115,9.113747529912219,10.18205718931899
2023,서초구,방배4동,11650621,12,7446.67,27493.351222849462,8.915522231582555,10.221699480708121
2023,서초구,양재1동,11650651,1,21369.376,53425.9252219086,9.969714148074049,10.886051398182616
2023,서초구,양재1동,11650651,12,17354.963,52852.23198682796,9.761633796343167,10.875255222891536
2023,서초구,양재2동,11650652,1,22284.709,37089.84199408602,10.01165602718456,10.521098410406783
2023,서초구,양재2동,11650652,12,18807.499,37155.0081608871,9.842010952264097,10.52285385023593
2023,서초구,내곡동,11650660,1,7833.324,24755.186482392473,8.966142219974069,10.116790300887427
2023,서초구,내곡동,11650660,12,6759.834,24468.415363037635,8.818753612522483,10.10513839598417
2023,강남구,신사동,11680510,1,18969.646,35300.18294341398,9.850595401711187,10.471643425440933
2023,강남구,신사동,11680510,12,15007.67,36438.460070026886,9.61631668273134,10.503380091151275
2023,강남구,논현1동,11680521,1,23938.084,43112.09071276882,10.083225942492243,10.671558763729898
2023,강남구,논현1동,11680521,12,18873.427,42688.3993532258,9.845510232896098,10.661682484395184
2023,강남구,논현2동,11680531,1,35506.472,42836.39077043011,10.47747026870624,10.66514327195628
2023,강남구,논현2동,11680531,12,29596.821,46123.020075672044,10.295422235895856,10.739067455232835
2023,강남구,압구정동,11680545,1,25626.519,41947.81606639785,10.151382992732616,10.644181650144402
2023,강남구,압구정동,11680545,12,22109.345,42042.74111438172,10.003755648808424,10.646442025395784
2023,강남구,청담동,11680565,1,29117.241,40570.183456989245,10.279085751942826,10.610788678176693
2023,강남구,청담동,11680565,12,23004.643,39983.40153212366,10.043451344103586,10.596219685278735
2023,강남구,삼성1동,11680580,1,34268.879,37195.029532123655,10.441992903507849,10.523930416606136
2023,강남구,삼성1동,11680580,12,30904.943,40802.749702016125,10.33867141772992,10.616504752778592
2023,강남구,삼성2동,11680590,1,18957.709,40291.54237325269,9.849965935174744,10.603896859241015
2023,강남구,삼성2동,11680590,12,15834.531,40121.95020954301,9.669948340599166,10.599678850304818
2023,강남구,대치1동,11680600,1,8317.051,29421.130679435482,9.026063023868643,10.289468425756676
2023,강남구,대치1동,11680600,12,7255.544,27884.57707231183,8.889521145277724,10.235829021855913
2023,강남구,대치2동,11680610,1,24799.408,48467.315754166666,10.118575060900415,10.788644947775625
2023,강남구,대치2동,11680610,12,20780.068,46625.68073736559,9.94174953702515,10.749906757104748
2023,강남구,대치4동,11680630,1,19139.965,39762.234820698926,9.859533836374135,10.590672866954971
2023,강남구,대치4동,11680630,12,16160.433,37761.279066129035,9.690321126270574,10.539039493259073
2023,강남구,역삼1동,11680640,1,73966.727,104450.34901948924,11.211370635934983,11.556467108477351
2023,강남구,역삼1동,11680640,12,62094.067,101676.03887002688,11.03640572390489,11.529546948279428
2023,강남구,역삼2동,11680650,1,23448.28,54767.98505739247,10.062552423636388,10.91086108793529
2023,강남구,역삼2동,11680650,12,19968.253,53873.58438454301,9.901898941361322,10.894395551135876
2023,강남구,도곡1동,11680655,1,12360.804,35044.35112836021,9.422285777439805,10.4643697133788
2023,강남구,도곡1동,11680655,12,11074.207,37747.78554811828,9.312373989640937,10.538682091979549
2023,강남구,도곡2동,11680656,1,16180.96,29537.15231841398,9.69159052136165,10.29340415057236
2023,강남구,도곡2동,11680656,12,15158.953,27467.81874798387,9.626346593486844,10.220770371057949
2023,강남구,개포1동,11680660,1,1633.396,8351.662607123655,7.39841656204154,9.030215912649803
2023,강남구,개포1동,11680660,12,1748.019,13287.745610887097,7.466238425721625,9.494597506835877
2023,강남구,개포2동,11680670,1,6695.729,24721.643455913978,8.809225139426765,10.115434392206158
2023,강남구,개포2동,11680670,12,6516.256,33747.46674287635,8.782055256856877,10.426660634013242
2023,강남구,개포4동,11680690,1,8705.976,15584.403080510752,9.071764965388939,9.65402589057033
2023,강남구,개포4동,11680690,12,7326.716,15962.841652016128,8.899282672660828,9.678018903527008
2023,강남구,세곡동,11680700,1,10883.918,44949.71285255376,9.2950415658799,10.713299651727054
2023,강남구,세곡동,11680700,12,9302.27,46305.442665994626,9.138013735378706,10.743014785346919
2023,강남구,일원본동,11680720,1,15653.216,24783.663890188174,9.658431670064719,10.117940001000301
2023,강남구,일원본동,11680720,12,14188.236,24620.6005327957,9.560168449530194,10.111338791512274
2023,강남구,일원1동,11680730,1,3129.685,15598.650047849464,8.04868763949212,9.65493965409896
2023,강남구,일원1동,11680730,12,2677.26,14541.81312110215,7.892549162450029,9.584783442151094
2023,강남구,개포3동,11680740,1,18787.343,17510.89658844086,9.84093867740622,9.770578628334553
2023,강남구,개포3동,11680740,12,19479.346,17723.872386290324,9.877110003737666,9.782667732242135
2023,강남구,수서동,11680750,1,8110.522,22469.836859408602,9.000917510019626,10.01992910477957
2023,강남구,수서동,11680750,12,7052.473,22796.19429408602,8.861133614439188,10.0343488840843
2023,송파구,풍납1동,11710510,1,6387.993,15603.200224059141,8.762175413529668,9.655231314766663
2023,송파구,풍납1동,11710510,12,5846.567,14853.054370430107,8.673609930362481,9.60596080459175
2023,송파구,풍납2동,11710520,1,16153.056,35276.94936276881,9.689864536756012,10.470985037072767
2023,송파구,풍납2동,11710520,12,14879.411,34811.802898655915,9.60773372427031,10.457711772014022
2023,송파구,거여1동,11710531,1,3281.4,12264.27387580645,8.096025439580782,9.414445751989064
2023,송파구,거여1동,11710531,12,2670.353,12233.688002688172,7.889965952393186,9.411948736999646
2023,송파구,거여2동,11710532,1,4585.198,17116.099018413977,8.43058856805477,9.747774762657505
2023,송파구,거여2동,11710532,12,3808.319,17717.09561330645,8.244943163411063,9.782285306284326
2023,송파구,마천1동,11710540,1,3661.885,12728.383253360214,8.205733321136766,9.45158968060768
2023,송파구,마천1동,11710540,12,2980.364,12188.163684811829,7.99980071969104,9.408220570013107
2023,송파구,마천2동,11710550,1,5021.706,15040.438459005378,8.521524995590475,9.618497749938294
2023,송파구,마천2동,11710550,12,4196.943,14445.442259811829,8.34211168211199,9.578134229241053
2023,송파구,방이1동,11710561,1,6187.651,17708.95241545699,8.730310810619576,9.781825576879212
2023,송파구,방이1동,11710561,12,4824.805,18099.292437903227,8.481525598448625,9.80362812466126
2023,송파구,방이2동,11710562,1,13413.721,37159.155878360216,9.504033417278325,10.522965476802172
2023,송파구,방이2동,11710562,12,11336.995,37426.50757177419,9.335826550983718,10.530134490955449
2023,송파구,오륜동,11710566,1,7098.473,17163.41572150538,8.867634969475912,9.750535404603635
2023,송파구,오륜동,11710566,12,6731.21,20568.795374462366,8.814510198454359,9.931530418679486
2023,송파구,오금동,11710570,1,11155.845,36932.62763346774,9.319718854782089,10.516850657047579
2023,송파구,오금동,11710570,12,9333.166,36249.99443454301,9.141329571757083,10.498194506752961
2023,송파구,송파1동,11710580,1,8771.062,29899.531715053763,9.079213172675686,10.305598097552245
2023,송파구,송파1동,11710580,12,7263.886,29087.218145295697,8.89067022632538,10.278054117672605
2023,송파구,송파2동,11710590,1,4572.233,17234.12257110215,8.427756985995867,9.754646567942354
2023,송파구,송파2동,11710590,12,4038.0,17992.155309811827,8.303504798872783,9.79769112576129
2023,송파구,석촌동,11710600,1,16038.257,28823.597487096777,9.682732209680534,10.268949687825039
2023,송파구,석촌동,11710600,12,13946.378,28176.24191330645,9.542975111959741,10.246234416492232
2023,송파구,삼전동,11710610,1,7955.726,29413.75321814516,8.98164719996402,10.289217640479634
2023,송파구,삼전동,11710610,12,6526.068,29495.11705215054,8.783559896958005,10.291980004971444
2023,송파구,가락본동,11710620,1,15287.001,37887.08592043011,9.63475813841609,10.542365592119403
2023,송파구,가락본동,11710620,12,12752.395,39662.63070215054,9.453474376083514,10.58816473124437
2023,송파구,가락1동,11710631,1,14248.248,28120.763553494624,9.564389230769729,10.244263498951922
2023,송파구,가락1동,11710631,12,14071.392,31696.39562634409,9.551899079116717,10.36395825076175
2023,송파구,가락2동,11710632,1,8782.872,26792.566947177416,9.080558740202815,10.19587977531231
2023,송파구,가락2동,11710632,12,7436.907,26699.924867338712,8.914210315582755,10.19241603042703
2023,송파구,문정1동,11710641,1,5666.963,20108.027328091397,8.6424086271206,9.908874383877158
2023,송파구,문정1동,11710641,12,4577.622,21112.019938709676,8.428934928296181,9.957597822608143
2023,송파구,문정2동,11710642,1,25723.913163,41980.788088978494,10.155176311529884,10.644967366161218
2023,송파구,문정2동,11710642,12,24013.088163,41603.78616115591,10.086354300811195,10.635946455597203
2023,송파구,장지동,11710646,1,11428.881,32610.96779892473,9.343898851733845,10.392403946322888
2023,송파구,장지동,11710646,12,9187.264,32592.19390188172,9.125573456116344,10.39182808781934
2023,송파구,위례동,11710647,1,8840.299,45015.38922567204,9.087075978589098,10.714759693082382
2023,송파구,위례동,11710647,12,7804.685,45826.00402056452,8.962479473390701,10.73260698235473
2023,송파구,잠실본동,11710650,1,13043.873,35054.83931922043,9.476073800584595,10.464668951954067
2023,송파구,잠실본동,11710650,12,11108.7,37629.42986290323,9.315483864086103,10.535541732340715
2023,송파구,잠실2동,11710670,1,8044.904,28200.153037768818,8.992794126477722,10.247082683782715
2023,송파구,잠실2동,11710670,12,7104.171,30316.023629032257,8.868437355328252,10.319431684356086
2023,송파구,잠실3동,11710680,1,14377.981,47291.44619556452,9.573453218079598,10.764084716594818
2023,송파구,잠실3동,11710680,12,13820.417,50721.19743145161,9.533902270527806,10.834099197496695
2023,송파구,잠실4동,11710690,1,4060.371,20325.798484946237,8.309029627731288,9.919646219496556
2023,송파구,잠실4동,11710690,12,3672.059,20989.484716397852,8.208507819149427,9.951776863508957
2023,송파구,잠실6동,11710710,1,24555.632,40079.291728360215,10.108696516280997,10.598615064154506
2023,송파구,잠실6동,11710710,12,23691.599,44391.55397903226,10.07287579170913,10.70080450462764
2023,송파구,잠실7동,11710720,1,2258.691,9478.30959435484,7.72254072092334,9.156761266517677
2023,송파구,잠실7동,11710720,12,2051.788,10251.710880913979,7.626466887113262,9.23519988584888
2023,강동구,강일동,11740515,1,6948.149,50908.688736693555,8.846230572151205,10.83778889006681
2023,강동구,강일동,11740515,12,6554.013,51606.55920846774,8.787832812778307,10.851404059834216
2023,강동구,상일1동,11740520,1,14499.022,39875.54681545699,9.581836477858067,10.593518553233421
2023,강동구,상일1동,11740520,12,13324.668,40254.09069569893,9.497372333151414,10.602966909873786
2023,강동구,명일제1동,11740530,1,6779.508,26144.788388440862,8.821659811929694,10.171405152821675
2023,강동구,명일제1동,11740530,12,5745.796,26533.588445026882,8.65622373595041,10.186166697880463
2023,강동구,명일제2동,11740540,1,5657.705,15884.675054435484,8.640773611937385,9.673110090368198
2023,강동구,명일제2동,11740540,12,4831.295,16233.945579166666,8.482869826651992,9.694859735040442
2023,강동구,고덕제1동,11740550,1,4744.476,24432.032015322584,8.464736272912242,10.103650337842403
2023,강동구,고덕제1동,11740550,12,4219.904,25342.112462903227,8.347567657956134,10.140222815155937
2023,강동구,고덕제2동,11740560,1,6583.48,20244.872620026883,8.792318759894009,9.915656836523864
2023,강동구,고덕제2동,11740560,12,6041.549,22008.71702795699,8.70641571500304,9.999193882406152
2023,강동구,암사제1동,11740570,1,7413.731,27984.793956048386,8.911089100344055,10.239416568641518
2023,강동구,암사제1동,11740570,12,6172.474,26026.543532661293,8.727855008978791,10.16687220133677
2023,강동구,암사제2동,11740580,1,3685.694,14985.643425134409,8.21221411796328,9.614847916775863
2023,강동구,암사제2동,11740580,12,3239.081,15162.431029569894,8.083044926577074,9.626576004491417
2023,강동구,암사제3동,11740590,1,13187.318,13387.904918413977,9.487010889175322,9.50210696030525
2023,강동구,암사제3동,11740590,12,12440.611,15164.907229973118,9.428721480842658,9.626739302726662
2023,강동구,천호제1동,11740600,1,6753.293,31544.68541303763,8.817785516757402,10.35916040411412
2023,강동구,천호제1동,11740600,12,5738.963,32293.467931317206,8.655033810971357,10.382620257530686
2023,강동구,천호제2동,11740610,1,12796.491,44859.543257526886,9.456926271699299,10.711291626513827
2023,강동구,천호제2동,11740610,12,10662.18,44358.68311182796,9.274458179626244,10.700063754635647
2023,강동구,천호제3동,11740620,1,7646.147,27628.179611021507,8.941957139810494,10.22659153123817
2023,강동구,천호제3동,11740620,12,6544.915,27262.312622311827,8.786443691246681,10.213260537393621
2023,강동구,성내제1동,11740640,1,7378.111,23933.694858602154,8.906272922771018,10.083042571766743
2023,강동구,성내제1동,11740640,12,6103.121,24277.200149193548,8.716555558662883,10.097292923416786
2023,강동구,성내제2동,11740650,1,6414.665,24323.79820094086,8.766342054329957,10.099210499911425
2023,강동구,성내제2동,11740650,12,5290.957,24783.89198736559,8.57375441586298,10.117949204487275
2023,강동구,성내제3동,11740660,1,7998.813,27316.644134139788,8.987048434653314,10.21525147063982
2023,강동구,성내제3동,11740660,12,6695.394,27049.253405510754,8.809175106281662,10.205414683358079
2023,강동구,길동,11740685,1,16033.243,56606.916469623655,9.682419533314237,10.94388645583553
2023,강동구,길동,11740685,12,13559.366,57888.83444489247,9.514832805239088,10.966279802907541
2023,강동구,둔촌제1동,11740690,1,517.563,4402.382088978495,6.249131256860352,8.38990105726973
2023,강동구,둔촌제1동,11740690,12,316.91,4536.682537768817,5.758617821894807,8.41995130537734
2023,강동구,둔촌제2동,11740700,1,9301.127,27453.20069744624,9.137890854595005,10.220238041140172
2023,강동구,둔촌제2동,11740700,12,8427.802,27944.500264919352,9.039291281529934,10.237975688735503
