행정동코드,자치구명,행정동명,평균전력사용량,평균생활인구,평균전력효율지표,지역분류
11110515,종로구,청운효자동,3364.7625000000003,17003.72614651555,0.19981230835455213,잉여가능
11110530,종로구,사직동,18757.090166666665,24885.65841729753,0.7566854068354485,수요집중
11110540,종로구,삼청동,3061.9367500000003,5964.117531641186,0.519460065100089,수요집중
11110550,종로구,부암동,2799.4306250000004,13337.241498627312,0.2111981449498704,잉여가능
11110560,종로구,평창동,5222.417208333333,17519.462720921092,0.2981923985923734,중간
11110570,종로구,무악동,1841.7034999999998,6273.815349001415,0.2945968528797159,중간
11110580,종로구,교남동,4724.413291666667,7903.526235812467,0.5970122802315819,수요집중
11110600,종로구,가회동,4095.5906250000003,6552.885555569353,0.6299181148254641,수요집중
11110615,종로구,종로1.2.3.4가동,41986.129,63159.98700261638,0.6672942812120083,수요집중
11110630,종로구,종로5.6가동,9123.746291666666,16171.155995319896,0.5689939476157847,수요집중
11110640,종로구,이화동,19116.05275,25448.001767482987,0.7552231192862174,수요집중
11110650,종로구,혜화동,7784.465333333334,31699.97619224281,0.24994793173868277,잉여가능
11110670,종로구,창신제1동,3468.1686666666665,7879.274390202282,0.44340511854615317,수요집중
11110680,종로구,창신제2동,2519.4286666666667,8463.768027351347,0.2989210125043593,중간
11110690,종로구,창신제3동,1293.445625,5048.080630879168,0.25686592673781544,중간
11110700,종로구,숭인제1동,1808.3736250000002,7282.183783015217,0.24923439972284347,잉여가능
11110710,종로구,숭인제2동,4620.711666666667,12518.16708161286,0.37049139556404426,수요집중
11140520,중구,소공동,27877.92404166667,29073.088427739538,0.9621138113164776,수요집중
11140540,중구,회현동,23780.625125000002,27172.906341241996,0.8791989254821306,수요집중
11140550,중구,명동,39655.90975,38578.53796947192,1.031715399551551,수요집중
11140570,중구,필동,11038.934083333334,13669.325828366753,0.8261539744446131,수요집중
11140580,중구,장충동,8064.78575,12082.255857640965,0.672692540462684,수요집중
11140590,중구,광희동,20150.26304166667,24582.722835813533,0.8244068435291263,수요집중
11140605,중구,을지로동,13359.636791666666,17242.053354120388,0.7795684299002906,수요집중
11140615,중구,신당동,11116.801791666667,21636.51464869561,0.5173257225408132,수요집중
11140625,중구,다산동,4385.928958333333,15102.105430487552,0.29114507230571424,중간
11140635,중구,약수동,3795.6941666666667,13583.39442208319,0.27975138558478385,중간
11140645,중구,청구동,3073.0941666666663,10869.847551513356,0.2831595006965401,중간
11140650,중구,신당제5동,3626.6095833333334,7481.414925981466,0.4875031915678467,수요집중
11140665,중구,동화동,3383.172458333333,11544.706120078932,0.2961370924846522,중간
11140670,중구,황학동,6456.235208333334,12885.957822414646,0.5026152710707381,수요집중
11140680,중구,중림동,5386.8469583333335,8379.03851594676,0.6456693764770972,수요집중
11170510,용산구,후암동,3303.168833333333,12684.00089779774,0.26072182738204236,중간
11170520,용산구,용산2가동,2622.039458333333,12076.562618853453,0.21801472681386092,잉여가능
11170530,용산구,남영동,7416.847958333333,16639.976333776147,0.44653434985844287,수요집중
11170555,용산구,청파동,7206.212833333334,22853.352215117568,0.31744425590891834,중간
11170560,용산구,원효로제1동,6498.571083333333,19635.461558809202,0.33236137170718827,수요집중
11170570,용산구,원효로제2동,18123.384916666666,15440.097440520927,1.1848679446790784,수요집중
11170580,용산구,효창동,1858.394875,9302.478707855713,0.20034976131439086,잉여가능
11170590,용산구,용문동,2239.06225,8399.715145705959,0.26706194281703133,중간
11170625,용산구,한강로동,31840.554999999997,51446.30471641488,0.6191201884977863,수요집중
11170630,용산구,이촌제1동,5455.610125,24578.89761704658,0.22230648837409406,잉여가능
11170640,용산구,이촌제2동,1390.9461250000002,8014.496852917803,0.1740593132812577,잉여가능
11170650,용산구,이태원제1동,5153.823416666667,11368.33899636179,0.4532773682342044,수요집중
11170660,용산구,이태원제2동,2742.3483333333334,10991.151150555881,0.24999699802178688,잉여가능
11170685,용산구,한남동,15879.654166666667,29659.74691146887,0.5378810365868772,수요집중
11170690,용산구,서빙고동,4232.493875,14747.140610016218,0.2871764704188485,중간
11170700,용산구,보광동,2377.2488333333336,9293.788188078988,0.2556060487352903,중간
11200520,성동구,왕십리제2동,3399.0712083333333,14328.39937762086,0.23745425549664026,잉여가능
11200535,성동구,왕십리도선동,9116.688041666666,28735.391099442622,0.3174342483701809,중간
11200540,성동구,마장동,10567.537125,20474.366012225575,0.5174538022385847,수요집중
11200550,성동구,사근동,10872.523541666667,24427.333196474166,0.4543886405785525,수요집중
11200560,성동구,행당제1동,5573.373833333334,25262.394792173207,0.22165964420649278,잉여가능
11200570,성동구,행당제2동,3739.983666666667,18224.946160209973,0.2052321338243822,잉여가능
11200580,성동구,응봉동,2260.198125,10394.027080388325,0.21737753284178093,잉여가능
11200590,성동구,금호1가동,3855.8537083333335,13967.287325284633,0.27623370078313186,중간
11200615,성동구,금호2.3가동,4377.900666666666,20215.16143022852,0.21650343319015616,잉여가능
11200620,성동구,금호4가동,3226.7547083333334,12246.117011099961,0.26456368136066927,중간
11200645,성동구,옥수동,5792.761625,26371.170372316312,0.21987814909517098,잉여가능
11200650,성동구,성수1가제1동,7035.71975,18533.775819928556,0.3800114464059909,수요집중
11200660,성동구,성수1가제2동,8161.7146250000005,20336.862731882276,0.40246367696256696,수요집중
11200670,성동구,성수2가제1동,8177.616625,19177.350047940192,0.42649707224724426,수요집중
11200690,성동구,성수2가제3동,26950.726208333333,34694.27498409829,0.7781958708685877,수요집중
11200720,성동구,송정동,2586.4102916666666,9531.473484410564,0.27165679577290697,중간
11200790,성동구,용답동,42904.833041666665,19305.12750474735,2.23000046526302,수요집중
11215710,광진구,화양동,13387.347500000002,41015.560287078704,0.328826515763227,수요집중
11215730,광진구,군자동,7292.721166666666,23140.516572082925,0.3189073919188024,중간
11215740,광진구,중곡제1동,4358.1554166666665,14929.975970604535,0.2918597148070943,중간
11215750,광진구,중곡제2동,4616.708166666666,18108.96611450656,0.2550478117077272,중간
11215760,광진구,중곡제3동,4797.6310416666665,14900.04974622411,0.32216794386862374,수요집중
11215770,광진구,중곡제4동,5412.449375,24056.903068222917,0.2252939210556497,잉여가능
11215780,광진구,능동,3806.2384583333333,15506.018186036325,0.2486420340036165,잉여가능
11215810,광진구,광장동,11023.768916666668,35114.9437385965,0.314604070028716,중간
11215820,광진구,자양제1동,5578.2411250000005,24674.600894978943,0.226686795660378,잉여가능
11215830,광진구,자양제2동,7425.796416666667,21237.45740764975,0.34967242518708846,수요집중
11215840,광진구,자양제3동,9303.761208333333,24953.754217627065,0.37298172540886837,수요집중
11215847,광진구,자양제4동,6191.762208333334,27036.097685844463,0.2296903783553863,잉여가능
11215850,광진구,구의제1동,5742.090208333334,23005.22027830075,0.2507118688591262,잉여가능
11215860,광진구,구의제2동,7459.701541666666,19989.79692063871,0.3743821618385798,수요집중
11215870,광진구,구의제3동,10630.034875,29580.831234271755,0.3603749619089221,수요집중
11230536,동대문구,용신동,14910.138041666665,41995.3745080286,0.3559814784949164,수요집중
11230545,동대문구,제기동,9250.702583333334,31973.29142992738,0.2906572454625565,중간
11230560,동대문구,전농제1동,9396.321541666666,32504.45733191485,0.28901670686993836,중간
11230570,동대문구,전농제2동,3738.2865,15587.908160129844,0.2408987705745298,잉여가능
11230600,동대문구,답십리제1동,7795.412125,22278.128979251607,0.34983861655792947,수요집중
11230610,동대문구,답십리제2동,6803.814083333334,20834.714734649144,0.3271735779471789,수요집중
11230650,동대문구,장안제1동,12966.280125,34807.2533514491,0.37266378048072274,수요집중
11230660,동대문구,장안제2동,9721.382458333333,28278.34204647667,0.3439462372099947,수요집중
11230705,동대문구,청량리동,6867.9882916666675,20322.839421988287,0.3389985456649549,수요집중
11230710,동대문구,회기동,8341.561791666667,19849.908766205557,0.4292488748401529,수요집중
11230720,동대문구,휘경제1동,3782.9249999999997,16952.2110291434,0.2242816710088629,잉여가능
11230730,동대문구,휘경제2동,5620.058666666667,18958.337071540616,0.29898295974236005,중간
11230740,동대문구,이문제1동,5125.991166666667,24741.31028146132,0.21179301599668632,잉여가능
11230750,동대문구,이문제2동,3690.9427083333335,13462.484532992725,0.2743601123428621,중간
11260520,중랑구,면목제2동,5450.52175,19640.845657791906,0.277904113271901,중간
11260540,중랑구,면목제4동,3367.0010416666664,16118.944858683115,0.2094766718336727,잉여가능
11260550,중랑구,면목제5동,3345.810625,11532.503883542005,0.29023233717234875,중간
11260565,중랑구,면목본동,7152.433249999999,26680.698337755355,0.26821976648968554,중간
11260570,중랑구,면목제7동,4939.030083333333,16745.603612273622,0.2960064981681973,중간
11260575,중랑구,면목제3.8동,6308.749124999999,20427.15527665206,0.3093013943589319,중간
11260580,중랑구,상봉제1동,5273.992375,16741.679887005714,0.3161146307942412,중간
11260590,중랑구,상봉제2동,8109.555833333333,25334.343202169573,0.32027536842479,중간
11260600,중랑구,중화제1동,3476.8768333333333,15265.206093489674,0.2285865833994677,잉여가능
11260610,중랑구,중화제2동,5751.259666666666,24945.683149994253,0.23095605985542852,잉여가능
11260620,중랑구,묵제1동,6780.534500000001,25024.405243148747,0.2712624129599999,중간
11260630,중랑구,묵제2동,3958.834666666666,18352.455830890274,0.2163701414434774,잉여가능
11260655,중랑구,망우본동,10327.473416666666,40159.96778614875,0.25729743986684045,중간
11260660,중랑구,망우제3동,3290.788958333333,10926.989511317794,0.3018014241168239,중간
11260680,중랑구,신내1동,10293.917625,33639.398112613104,0.3065195703546257,중간
11260690,중랑구,신내2동,3697.316125,16474.524711605565,0.2251524354857719,잉여가능
11290525,성북구,성북동,5409.892416666667,20386.850415856574,0.2667317103733774,중간
11290555,성북구,삼선동,6235.220291666667,25669.585636259082,0.24379096093936128,잉여가능
11290575,성북구,동선동,7777.820083333333,24923.379679682505,0.314205986548725,중간
11290580,성북구,돈암제1동,2564.8205833333336,12054.951589397591,0.2136763000094074,잉여가능
11290590,성북구,돈암제2동,4066.2140833333337,13606.429607256776,0.2985625541439556,중간
11290600,성북구,안암동,14882.218125,26113.667358032504,0.5826608720764712,수요집중
11290610,성북구,보문동,4116.994791666667,15656.116867643948,0.2637574067210596,중간
11290620,성북구,정릉제1동,3164.9726666666666,13534.783505388807,0.23437941016716882,잉여가능
11290630,성북구,정릉제2동,4569.818333333334,19367.566084940394,0.2358788879562903,잉여가능
11290640,성북구,정릉제3동,5857.203041666667,16263.379150028011,0.36985684887828074,수요집중
11290650,성북구,정릉제4동,5445.59475,18048.80699320946,0.3022672228015269,중간
11290660,성북구,길음제1동,7169.858749999999,35208.769914491706,0.20385895674878765,잉여가능
11290685,성북구,길음제2동,7570.056583333334,18711.3062427187,0.4047058278326661,수요집중
11290705,성북구,종암동,8142.230041666667,38006.66183179597,0.21466143691972916,잉여가능
11290715,성북구,월곡제1동,5696.543000000001,25529.717648579473,0.22371702825864084,잉여가능
11290725,성북구,월곡제2동,9126.375208333333,22032.068962933456,0.4153832208978483,수요집중
11290760,성북구,장위제1동,4217.073541666667,21687.219369626677,0.1948121721261377,잉여가능
11290770,성북구,장위제2동,3119.6740416666667,11335.383862504239,0.2764726162830659,중간
11290780,성북구,장위제3동,2528.578375,7943.399522544565,0.31949505629811675,중간
11290810,성북구,석관동,8029.0185833333335,26809.8217939044,0.3001018760398752,중간
11305534,강북구,삼양동,4161.343,21982.963988437972,0.18916651575123214,잉여가능
11305535,강북구,미아동,7468.387208333334,22323.21345909205,0.33563275196965203,수요집중
11305545,강북구,송중동,8537.785666666667,34326.12603838588,0.24894336714096935,잉여가능
11305555,강북구,송천동,6631.531041666666,26093.734204107754,0.2543064614159052,중간
11305575,강북구,삼각산동,2724.0726250000002,19627.75949663566,0.13909928431216304,잉여가능
11305590,강북구,번1동,6125.466666666667,17979.452859110894,0.34159735763295535,수요집중
11305600,강북구,번2동,3003.1225833333333,11320.513389494305,0.26616980625570336,중간
11305606,강북구,번3동,3355.13025,14359.855096385714,0.23336610530586158,잉여가능
11305610,강북구,수유1동,5146.090458333333,16269.325118819994,0.31645956967912553,중간
11305620,강북구,수유2동,4347.563625,16990.744687553753,0.25594572414676214,중간
11305630,강북구,수유3동,7966.046208333333,26915.177971515306,0.29726150607454177,중간
11305645,강북구,우이동,4709.398958333333,18348.906335230797,0.25742952584093903,중간
11305660,강북구,인수동,6399.7615000000005,26466.827126378408,0.24190017640609587,잉여가능
11320511,도봉구,창제1동,4927.258041666667,19634.217945499306,0.25203205780459254,잉여가능
11320512,도봉구,창제2동,6111.096666666667,29556.744814282818,0.20683365473218426,잉여가능
11320513,도봉구,창제3동,2599.8013333333333,9851.601375497592,0.2646585948323151,중간
11320514,도봉구,창제4동,7505.543041666667,27670.13059514564,0.2709218051085439,중간
11320515,도봉구,창제5동,6694.827875,18932.68258965651,0.3549177298327213,수요집중
11320521,도봉구,도봉제1동,5866.408875,17768.80582748012,0.33063341576015287,수요집중
11320522,도봉구,도봉제2동,5495.028791666667,18529.981108590222,0.29657480096066985,중간
11320660,도봉구,쌍문제1동,4852.3285000000005,16509.59354532115,0.2945499385120685,중간
11320670,도봉구,쌍문제2동,4445.291583333333,17056.57386292992,0.26021234339999294,중간
11320680,도봉구,쌍문제3동,4074.1107083333336,16329.060885395447,0.24957363129995683,잉여가능
11320681,도봉구,쌍문제4동,2936.7843749999997,12294.248194081794,0.24043011615806875,잉여가능
11320690,도봉구,방학제1동,8345.689916666668,23214.575895468497,0.35935807697583183,수요집중
11320700,도봉구,방학제2동,3839.5882916666665,10850.56257195327,0.3544480952864419,수요집중
11320710,도봉구,방학제3동,4489.309958333333,20417.628425932817,0.21994073414586823,잉여가능
11350560,노원구,월계1동,6448.675958333333,21972.956566299075,0.2963519509643746,중간
11350570,노원구,월계2동,3984.0910000000003,18885.123693630423,0.2117806282464961,잉여가능
11350580,노원구,월계3동,4800.4675,23130.438731128437,0.207662125775405,잉여가능
11350595,노원구,공릉1동,9407.088625,41370.62583629488,0.22823435787030347,잉여가능
11350600,노원구,공릉2동,16427.96479166667,45710.158211398666,0.3618930825547964,수요집중
11350611,노원구,하계1동,6680.063333333333,24935.668401701023,0.26909565684816333,중간
11350612,노원구,하계2동,2335.0435416666664,16083.095006779467,0.14581198168009932,잉여가능
11350619,노원구,중계본동,4943.408833333334,19955.935490632346,0.24758201939170243,잉여가능
11350621,노원구,중계1동,4289.456041666667,24884.621828263214,0.17233715275947337,잉여가능
11350624,노원구,중계4동,4386.976958333334,15544.217196183361,0.282682717331414,중간
11350625,노원구,중계2.3동,6615.9925,30464.192572285396,0.21773115554402725,잉여가능
11350630,노원구,상계1동,7881.2465,35009.87577922096,0.22505853472286694,잉여가능
11350640,노원구,상계2동,8986.454333333333,28485.959961008062,0.3156122917794405,중간
11350665,노원구,상계3.4동,3035.416583333333,20202.420834516193,0.150095718975219,잉여가능
11350670,노원구,상계5동,3939.4952916666666,17001.162069633454,0.23240883459769454,잉여가능
11350695,노원구,상계6.7동,11758.838708333335,45535.06884598825,0.2583376638046139,중간
11350700,노원구,상계8동,3272.342875,17581.621112680376,0.18651974701200144,잉여가능
11350710,노원구,상계9동,1904.8984583333333,17002.82742493867,0.11216037246837875,잉여가능
11350720,노원구,상계10동,3102.623625,12608.860210391913,0.2464758579948468,잉여가능
11380510,은평구,녹번동,8651.38325,32157.772594172042,0.2693919853104112,중간
11380520,은평구,불광제1동,20735.567708333332,26118.541290756704,0.795268378187253,수요집중
11380530,은평구,불광제2동,5254.894125,21102.833456078297,0.24903860391124089,잉여가능
11380551,은평구,갈현제1동,4258.9807083333335,18419.599426194458,0.23130197701527114,잉여가능
11380552,은평구,갈현제2동,6229.414458333334,21566.425978770585,0.2894158022351882,중간
11380560,은평구,구산동,5526.689291666667,24979.050205414333,0.22142816845624438,잉여가능
11380570,은평구,대조동,8315.952333333333,50131.292043357804,0.1661609228989259,잉여가능
11380580,은평구,응암제1동,8354.726666666667,22503.633120268412,0.37207095134896834,수요집중
11380590,은평구,응암제2동,5061.914625,15958.17258234129,0.3172347373087167,중간
11380600,은평구,응암제3동,5720.886125,24587.906809673335,0.23320945247559674,잉여가능
11380625,은평구,역촌동,8345.934041666666,39911.600548838134,0.20932809196987903,잉여가능
11380631,은평구,신사제1동,4962.315875,22890.200737547795,0.21673077751984102,잉여가능
11380632,은평구,신사제2동,3210.3239166666667,12669.004476169828,0.25362732232867946,중간
11380640,은평구,증산동,3532.2942916666666,14609.324646053143,0.2419888489411278,잉여가능
11380650,은평구,수색동,5212.077916666666,14410.4839479296,0.36906969088084013,수요집중
11380690,은평구,진관동,15306.322958333332,56882.48678128684,0.2693488011131728,중간
11410520,서대문구,천연동,3590.922458333333,15331.275968030697,0.23612782469809568,잉여가능
11410555,서대문구,북아현동,3700.324375,42818.359731613375,0.08665427464159352,잉여가능
11410565,서대문구,충현동,9546.226083333333,41805.42940207455,0.2286682438294131,잉여가능
11410585,서대문구,신촌동,36198.32854166667,58167.31143759817,0.6307693343205788,수요집중
11410615,서대문구,연희동,9990.3465,37620.76862954052,0.26628247218512546,중간
11410620,서대문구,홍제제1동,4710.521958333334,24220.726009640755,0.19447640161368285,잉여가능
11410640,서대문구,홍제제3동,3620.789625,14608.455651669434,0.2479186642326879,잉여가능
11410655,서대문구,홍제제2동,2396.2537916666665,9578.1648007065,0.2511118735006325,잉여가능
11410660,서대문구,홍은제1동,4011.5214166666665,14793.507647086328,0.272397525904266,중간
11410685,서대문구,홍은제2동,6407.618750000001,22234.262090324322,0.28877146709659235,중간
11410690,서대문구,남가좌제1동,3938.069125,8058.333016059027,0.4919458655815283,수요집중
11410700,서대문구,남가좌제2동,6724.40075,20646.78887127117,0.3282968995886542,수요집중
11410710,서대문구,북가좌제1동,3333.681375,13718.218250741758,0.24326274877667098,잉여가능
11410720,서대문구,북가좌제2동,5663.973541666666,31430.806202348307,0.18152474608995461,잉여가능
11440555,마포구,아현동,8687.417791666667,27356.961371754227,0.3182829453239214,중간
11440565,마포구,공덕동,11139.961333333333,37331.43002041036,0.2997825137731461,중간
11440585,마포구,도화동,8475.142,16405.467448733572,0.5178893164021199,수요집중
11440590,마포구,용강동,9011.200708333334,25014.396285152554,0.36128770709063246,수요집중
11440600,마포구,대흥동,7361.304708333333,23447.28969573798,0.31840709092548114,중간
11440610,마포구,염리동,4968.661791666666,17169.72764510004,0.2904627287870026,중간
11440630,마포구,신수동,5106.814375,16589.568220039797,0.30828084831983077,중간
11440655,마포구,서강동,8442.422958333334,27111.83211284416,0.31386457072608187,중간
11440660,마포구,서교동,30271.974375,74172.61444982655,0.4089652031131949,수요집중
11440680,마포구,합정동,8223.590375,20791.781800162837,0.39646149925714597,수요집중
11440690,마포구,망원제1동,4894.086833333334,19957.527249332412,0.24599684343673042,잉여가능
11440700,마포구,망원제2동,3884.6912916666665,16002.65819303573,0.24264428796449633,잉여가능
11440710,마포구,연남동,5550.171249999999,17345.46220557703,0.32057229832940665,중간
11440720,마포구,성산제1동,4803.807041666667,20357.42426291844,0.2364750852089401,잉여가능
11440730,마포구,성산제2동,9943.972791666667,35294.00224124982,0.28226016049161146,중간
11440740,마포구,상암동,55588.57095833333,48749.197159367184,1.1419747108060199,수요집중
11470510,양천구,목1동,38517.32920833333,40701.02692849692,0.9507149288835203,수요집중
11470520,양천구,목2동,5192.506958333333,22367.290992217935,0.23218789128169723,잉여가능
11470530,양천구,목3동,4771.699125,18138.570452029882,0.2630091647701148,중간
11470540,양천구,목4동,4635.652333333333,17603.13739135085,0.26336189806671684,중간
11470550,양천구,목5동,9171.913208333333,38212.20459552711,0.23991938824246706,잉여가능
11470560,양천구,신월1동,4539.689666666666,14548.029514312437,0.3118500008550341,중간
11470570,양천구,신월2동,3972.490416666667,12343.500691244342,0.3226153858214786,수요집중
11470580,양천구,신월3동,3354.171083333333,12995.949632524818,0.2582237254882987,중간
11470590,양천구,신월4동,3455.7595,11452.026389738516,0.3017726738778643,중간
11470600,양천구,신월5동,3314.3835,11563.350209355114,0.2912709721168084,중간
11470610,양천구,신월6동,2983.985083333333,4334.567815700648,0.6893696037255511,수요집중
11470611,양천구,신월7동,3998.700666666667,14619.416174096177,0.2735757535986385,중간
11470620,양천구,신정1동,4601.583083333334,15864.667579900015,0.2901920711365291,중간
11470630,양천구,신정2동,4255.809208333333,13847.794490151571,0.3075629822353204,중간
11470640,양천구,신정3동,10115.142625,40825.314549178074,0.24800953999604958,잉여가능
11470650,양천구,신정4동,9043.956541666666,33108.54355375967,0.2732523730093538,중간
11470670,양천구,신정6동,4826.92675,19511.254133217564,0.2475733912738816,잉여가능
11470680,양천구,신정7동,4597.198208333333,20956.693000669904,0.21920876742877815,잉여가능
11500510,강서구,염창동,10499.847083333332,29799.7388766362,0.3524810074435274,수요집중
11500520,강서구,등촌제1동,9501.805666666667,21881.124125543338,0.4341035147541787,수요집중
11500530,강서구,등촌제2동,4005.4106666666667,14974.401302477096,0.267556587535013,중간
11500535,강서구,등촌제3동,10748.199416666666,39331.80852590729,0.27357431590935466,중간
11500540,강서구,화곡제1동,12348.306125000001,45815.84781127281,0.2694422350268195,중간
11500550,강서구,화곡제2동,3113.87275,11957.821937485023,0.2608841300316362,중간
11500560,강서구,화곡제3동,4745.001125,18545.660277841966,0.2559943696147819,중간
11500570,강서구,화곡제4동,4703.99275,17353.115259582104,0.2711317616370189,중간
11500590,강서구,화곡본동,6125.225666666666,26800.721164620594,0.22891764202857934,잉여가능
11500591,강서구,화곡제6동,8727.573791666668,20728.535511005353,0.42108210807340263,수요집중
11500593,강서구,화곡제8동,5112.072291666666,33006.03268796142,0.15535104806924369,잉여가능
11500603,강서구,가양제1동,49827.399666666664,47754.0663507379,1.048778257586875,수요집중
11500604,강서구,가양제2동,2947.8628750000003,15425.713088095305,0.19154241061579746,잉여가능
11500605,강서구,가양제3동,2770.9616666666666,11750.10412932237,0.2362864320395983,잉여가능
11500611,강서구,발산제1동,19314.355708333333,33939.348820045416,0.5704559699870181,수요집중
11500615,강서구,우장산동,8716.604375,33323.49268351824,0.26157096555771503,중간
11500620,강서구,공항동,16461.07725,35206.47150999373,0.46806125984196717,수요집중
11500630,강서구,방화제1동,9719.010333333334,33500.56400161303,0.29021930668892343,중간
11500640,강서구,방화제2동,9036.588583333332,27409.712950549918,0.3298222638493979,수요집중
11500641,강서구,방화제3동,3834.7049583333333,15127.526324647819,0.25488053255445037,중간
11530510,구로구,신도림동,17063.809416666667,33619.37578111,0.5076615976866411,수요집중
11530520,구로구,구로제1동,20763.682291666668,15905.326583206182,1.3059699705790424,수요집중
11530530,구로구,구로제2동,15101.002124999999,33823.96779853852,0.44660218916754624,수요집중
11530540,구로구,구로제3동,28588.476916666667,40007.798181238155,0.7147926746824921,수요집중
11530550,구로구,구로제4동,5609.8654166666665,18299.21999026625,0.30692234611633423,중간
11530560,구로구,구로제5동,13715.381374999999,33310.971563688414,0.41195914168356945,수요집중
11530595,구로구,가리봉동,5932.418125,10708.86911308369,0.5542290968017203,수요집중
11530720,구로구,고척제1동,7561.881166666666,23760.637036715943,0.3196800807427521,중간
11530730,구로구,고척제2동,5236.687583333333,15244.50761806989,0.3430098214280532,수요집중
11530740,구로구,개봉제1동,7199.109,30051.874847801722,0.24014877819293498,잉여가능
11530750,구로구,개봉제2동,5154.487916666667,23512.024465608953,0.2191927690753331,잉여가능
11530760,구로구,개봉제3동,3900.482083333334,16452.794425705193,0.23818158146347235,잉여가능
11530770,구로구,오류제1동,5370.272041666666,16973.142114081842,0.31719544961760177,중간
11530780,구로구,오류제2동,7829.540166666667,50166.83916780519,0.15610979672278918,잉여가능
11530790,구로구,수궁동,5463.031,21859.519212971518,0.2508967874598574,잉여가능
11545510,금천구,가산동,74833.71079166666,60892.32391437211,1.2308153781983848,수요집중
11545610,금천구,독산제1동,23373.01125,38987.07216143001,0.5998871119590684,수요집중
11545620,금천구,독산제2동,3910.345541666667,13215.961315588973,0.2958665289802101,중간
11545630,금천구,독산제3동,6771.688999999999,18279.37141866903,0.3723533966456174,수요집중
11545640,금천구,독산제4동,3490.575166666667,11457.634664316103,0.30495043474353545,중간
11545670,금천구,시흥제1동,10419.826458333333,27243.028903625454,0.38261308787509307,수요집중
11545680,금천구,시흥제2동,3195.2832916666666,14568.884565953784,0.21932453605625357,잉여가능
11545690,금천구,시흥제3동,3430.6677916666667,9649.85912591326,0.35601830580951366,수요집중
11545700,금천구,시흥제4동,3138.9280833333337,10626.976259207855,0.295832064170042,중간
11545710,금천구,시흥제5동,3695.595,11220.858300015412,0.3294838256996388,수요집중
11560515,영등포구,영등포본동,4412.497166666667,18717.00230148447,0.23611819220909605,잉여가능
11560535,영등포구,영등포동,24312.482666666667,50714.632371329055,0.4800178290526036,수요집중
11560540,영등포구,여의동,76138.45575000001,99010.39097489067,0.7702439972818498,수요집중
11560550,영등포구,당산제1동,9832.872291666667,24427.0175873647,0.40295124926044784,수요집중
11560560,영등포구,당산제2동,10543.883083333332,37853.04491967863,0.27911406027263036,중간
11560585,영등포구,도림동,4041.339625,14971.013977954644,0.26991719335379044,중간
11560605,영등포구,문래동,18660.707666666665,39042.97095415082,0.47846118105783225,수요집중
11560610,영등포구,양평제1동,8296.057833333334,19448.373253519185,0.4268651828907448,수요집중
11560620,영등포구,양평제2동,19555.46754166667,27268.241325875,0.7179076048494637,수요집중
11560630,영등포구,신길제1동,4584.898666666667,18151.579522957487,0.2528980869538653,잉여가능
11560650,영등포구,신길제3동,3145.0866666666666,13043.765679980885,0.24092805454073296,잉여가능
11560660,영등포구,신길제4동,2394.2977083333335,7403.869584327677,0.324306034905512,수요집중
11560670,영등포구,신길제5동,2446.5063333333333,9956.7519033245,0.24603048181267587,잉여가능
11560680,영등포구,신길제6동,4409.189333333333,19442.66932547715,0.2270703411854557,잉여가능
11560690,영등포구,신길제7동,3886.000708333333,17138.418280521895,0.2274327042936194,잉여가능
11560700,영등포구,대림제1동,5143.04675,15128.711298233413,0.3398111056290749,수요집중
11560710,영등포구,대림제2동,4944.438666666667,18253.065196751082,0.27173574892446767,중간
11560720,영등포구,대림제3동,6944.094458333333,23484.3964069767,0.2958540254289665,중간
11590510,동작구,노량진제1동,12552.425708333334,35102.10674756752,0.35788597152511237,수요집중
11590520,동작구,노량진제2동,3256.3212083333333,16841.15439473962,0.19385637690468197,잉여가능
11590530,동작구,상도제1동,10640.713333333333,43635.27989802615,0.2452719784581576,잉여가능
11590540,동작구,상도제2동,6084.999958333334,20395.00965650738,0.2987336358504861,중간
11590550,동작구,상도제3동,4287.5432083333335,16664.608278639054,0.25733652398240064,중간
11590560,동작구,상도제4동,4451.671458333333,20603.920235123067,0.21722864115822946,잉여가능
11590605,동작구,흑석동,10660.719125,33670.47653085389,0.320425456634939,중간
11590620,동작구,사당제1동,6433.210875,23295.86382711628,0.2766014248572723,중간
11590630,동작구,사당제2동,6075.235250000001,32379.657372704478,0.18785566332970297,잉여가능
11590640,동작구,사당제3동,4543.495041666666,18570.990640873766,0.2448863278392033,잉여가능
11590650,동작구,사당제4동,2395.9564583333336,13625.547278574371,0.17577054779389803,잉여가능
11590651,동작구,사당제5동,2276.9436666666666,11204.313086425143,0.20319466424307475,잉여가능
11590660,동작구,대방동,8005.310666666667,40890.436372888595,0.1961999178199205,잉여가능
11590670,동작구,신대방제1동,8945.278124999999,19279.161742727087,0.46644207393159515,수요집중
11590680,동작구,신대방제2동,10241.399208333334,23795.55570219748,0.4306240559692854,수요집중
11620525,관악구,보라매동,10365.274666666666,16899.420110583815,0.6157152451529256,수요집중
11620545,관악구,청림동,3147.876791666667,11036.16300768996,0.28538941400787865,중간
11620565,관악구,성현동,4595.9535000000005,21023.200010828583,0.2193364313485728,잉여가능
11620575,관악구,행운동,6395.8645,23314.406427976064,0.2746356847202109,중간
11620585,관악구,낙성대동,7362.746708333333,23992.303651095932,0.3088915393740202,중간
11620595,관악구,청룡동,10139.000958333332,38664.14367965056,0.2625020065679626,중간
11620605,관악구,은천동,6636.084333333333,27582.67124064757,0.2406086261224902,잉여가능
11620615,관악구,중앙동,4006.0951666666665,14623.097602244352,0.27443351997777793,중간
11620625,관악구,인헌동,4747.0235,23445.03862302144,0.20283744725749542,잉여가능
11620630,관악구,남현동,5406.746708333333,23386.977909298064,0.23124991188390087,잉여가능
11620645,관악구,서원동,7457.780541666667,21632.800666037856,0.34545974396060664,수요집중
11620655,관악구,신원동,3353.1049583333333,15914.61084670636,0.2110827376733024,잉여가능
11620665,관악구,서림동,4406.681041666667,17189.673901346407,0.2564014925311514,중간
11620685,관악구,신사동,4944.311083333333,19832.815300341554,0.24960088003190176,잉여가능
11620695,관악구,신림동,7048.433333333333,27911.053485048687,0.25293700357584376,중간
11620715,관악구,난향동,2346.375875,9875.996235688757,0.23736157358678744,잉여가능
11620725,관악구,조원동,10226.914458333333,28486.571013305656,0.3594681439014338,수요집중
11620735,관악구,대학동,22950.784875,33898.48562231358,0.6837261905513271,수요집중
11620745,관악구,삼성동,3397.7857916666667,18882.397391374794,0.18003058383481654,잉여가능
11620765,관악구,미성동,5922.161291666667,19809.133900622957,0.29894551906571115,중간
11620775,관악구,난곡동,4277.008666666667,16539.145952441355,0.2587521647704298,중간
11650510,서초구,서초1동,17426.998958333334,31849.680180961383,0.5476706834239041,수요집중
11650520,서초구,서초2동,19444.038625,45859.37801687299,0.4242695171780064,수요집중
11650530,서초구,서초3동,35767.25441666667,63921.145091935294,0.560208164675688,수요집중
11650531,서초구,서초4동,18088.944333333333,40774.63619199748,0.4433843901276409,수요집중
11650540,서초구,잠원동,8693.175333333333,31200.530362101945,0.2786301291329956,중간
11650550,서초구,반포본동,640.6690416666667,4475.857757275019,0.14591485755066957,잉여가능
11650560,서초구,반포1동,10033.819541666666,32101.655869664843,0.3127996792316203,중간
11650570,서초구,반포2동,5122.0723333333335,20796.328963848042,0.2501671074167419,잉여가능
11650580,서초구,반포3동,5780.182250000001,26380.258225639005,0.2194764097998092,잉여가능
11650581,서초구,반포4동,21977.64516666667,44879.71414214512,0.4912889059241812,수요집중
11650590,서초구,방배본동,6455.521083333333,17085.50052014265,0.37808125633292483,수요집중
11650600,서초구,방배1동,5761.797291666667,19386.678374306823,0.2981497192995847,중간
11650610,서초구,방배2동,35802.297041666665,19924.714932181352,1.8025085698640935,수요집중
11650620,서초구,방배3동,5820.759625,19549.003918425733,0.3001488948050914,중간
11650621,서초구,방배4동,7666.302500000001,26329.808367981153,0.2913870468267705,중간
11650651,서초구,양재1동,17742.847333333335,53603.47565624724,0.33133134969964556,수요집중
11650652,서초구,양재2동,18990.517666666667,37920.893218490055,0.5018154690494429,수요집중
11650660,서초구,내곡동,7062.983166666666,24981.8794977751,0.2831115769253328,중간
11680510,강남구,신사동,14627.334666666668,35504.715459871666,0.4124030956420324,수요집중
11680521,강남구,논현1동,19220.97366666667,42183.21372059727,0.45600930987654203,수요집중
11680531,강남구,논현2동,29628.051041666666,46012.90757227784,0.6447104855422566,수요집중
11680545,강남구,압구정동,20668.813625,41492.97646488889,0.49843219398646305,수요집중
11680565,강남구,청담동,22850.520291666664,40572.32612410709,0.5649766011920824,수요집중
11680580,강남구,삼성1동,32153.28525,40034.29817111673,0.8033364053335982,수요집중
11680590,강남구,삼성2동,15569.929458333332,40109.50551528567,0.3881951057532722,수요집중
11680600,강남구,대치1동,7411.499208333334,28827.15108054534,0.2571335117335745,중간
11680610,강남구,대치2동,21090.839041666666,49779.693357609336,0.4234096268847393,수요집중
11680630,강남구,대치4동,16851.15075,40508.54612215966,0.4147943465704398,수요집중
11680640,강남구,역삼1동,63812.93695833333,104082.11974611819,0.6141781371694689,수요집중
11680650,강남구,역삼2동,20425.254166666666,53977.597416630706,0.3784384987985159,수요집중
11680655,강남구,도곡1동,10998.3905,37363.54819942297,0.2949092387234286,중간
11680656,강남구,도곡2동,15048.562,28689.57462547293,0.5250358954387059,수요집중
11680660,강남구,개포1동,1754.3276666666668,15934.08252218103,0.1331279642016303,잉여가능
11680670,강남구,개포2동,6540.810791666667,32243.163432689646,0.20363290660468744,잉여가능
11680690,강남구,개포4동,7063.381416666667,16036.049609427784,0.44027031133394257,수요집중
11680700,강남구,세곡동,9925.163875,45966.437899805016,0.21586789815966423,잉여가능
11680720,강남구,일원본동,15557.232375,23967.563273290547,0.6497612543259343,수요집중
11680730,강남구,일원1동,2792.1145833333335,14570.191593535419,0.1915597047230527,잉여가능
11680740,강남구,개포3동,13371.905416666666,17623.882990887672,0.7604057756110613,수요집중
11680750,강남구,수서동,6298.897833333333,22994.346666684873,0.27421949837628085,중간
11710510,송파구,풍납1동,5782.6163750000005,14521.450128485978,0.3985022714040245,수요집중
11710520,송파구,풍납2동,15718.493125,33236.30239148456,0.4753665842905403,수요집중
11710531,송파구,거여1동,2772.9950000000003,11772.336474576909,0.23570866532522514,잉여가능
11710532,송파구,거여2동,4081.8375,17635.200088304642,0.2315580004301453,잉여가능
11710540,송파구,마천1동,3124.5610416666664,11779.031973842588,0.2649692284796001,중간
11710550,송파구,마천2동,4280.685208333333,13985.472418050827,0.3060025297301257,중간
11710561,송파구,방이1동,4786.937583333333,17479.281080628127,0.2734937750842437,중간
11710562,송파구,방이2동,11965.803708333333,36204.59891605643,0.33095921070650675,수요집중
11710566,송파구,오륜동,6270.5242916666675,19595.169562516,0.32123222607648555,중간
11710570,송파구,오금동,9435.209708333334,36629.02509869615,0.25783037339998505,중간
11710580,송파구,송파1동,7559.220166666666,28523.77786329508,0.26556956598168874,중간
11710590,송파구,송파2동,3855.308625,17658.95765211893,0.21861018591277112,잉여가능
11710600,송파구,석촌동,14724.911166666667,27289.408737098925,0.5401988801712596,수요집중
11710610,송파구,삼전동,7030.277958333333,28383.110488240985,0.24787164119586977,잉여가능
11710620,송파구,가락본동,13173.185333333333,37980.32117590231,0.34733316562660627,수요집중
11710631,송파구,가락1동,13455.845166666666,30481.149882231828,0.4417778511665323,수요집중
11710632,송파구,가락2동,7194.050041666666,26069.604146912887,0.27583762764169767,중간
11710641,송파구,문정1동,4876.1769583333335,20559.4933166077,0.23744927218608727,잉여가능
11710642,송파구,문정2동,25412.776912999998,41710.924315520424,0.6104205813045189,수요집중
11710646,송파구,장지동,9249.0515,31738.408503267303,0.2916618848340816,중간
11710647,송파구,위례동,8746.62175,44706.46654388314,0.1955899263802213,잉여가능
11710650,송파구,잠실본동,11240.652375,36338.779802696496,0.30932974556741416,중간
11710670,송파구,잠실2동,7505.721333333334,30778.75660789144,0.24393547653561068,잉여가능
11710680,송파구,잠실3동,15084.481166666666,47474.63770278125,0.3189637493915162,중간
11710690,송파구,잠실4동,4004.9276250000003,20692.87192908775,0.19393308880309776,잉여가능
11710710,송파구,잠실6동,24961.299875,41196.44738352369,0.6063772917240601,수요집중
11710720,송파구,잠실7동,1922.6048333333335,9997.611424122539,0.1929512094787188,잉여가능
11740515,강동구,강일동,6633.294958333333,50903.547833766985,0.13034496899599968,잉여가능
11740520,강동구,상일1동,14273.377291666666,40470.884821868945,0.35305130726266215,수요집중
11740530,강동구,명일제1동,6006.3334583333335,26185.466233065472,0.229478088607421,잉여가능
11740540,강동구,명일제2동,4842.425708333333,15737.837536442028,0.30787731093702975,중간
11740550,강동구,고덕제1동,4441.962541666667,24833.167598675092,0.17895786757624077,잉여가능
11740560,강동구,고덕제2동,6058.525541666667,21176.74001623777,0.2864793452244669,중간
11740570,강동구,암사제1동,6560.530875,26934.07014708166,0.24406645685368403,잉여가능
11740580,강동구,암사제2동,3195.3294583333336,14542.483277094294,0.2197919693296562,잉여가능
11740590,강동구,암사제3동,12828.501624999999,14200.0165784701,0.9050700144943028,수요집중
11740600,강동구,천호제1동,5973.566666666667,31548.57476982288,0.18919040108462135,잉여가능
11740610,강동구,천호제2동,11158.19775,44069.96143421787,0.25315553145086617,중간
11740620,강동구,천호제3동,6944.38,26739.63301250532,0.25964627716164407,중간
11740640,강동구,성내제1동,6046.987541666666,23556.414123513805,0.2568058838367372,중간
11740650,강동구,성내제2동,5551.644083333334,23993.87229133851,0.23121730733108936,잉여가능
11740660,강동구,성내제3동,6948.0505,27187.191487218097,0.25564529203731173,중간
11740685,강동구,길동,13916.449083333333,56328.76208146787,0.246914379193095,잉여가능
11740690,강동구,둔촌제1동,239.12912500000002,5020.40525686154,0.049969051744801644,잉여가능
11740700,강동구,둔촌제2동,8359.890249999999,26780.116993767675,0.312372266140779,중간
